,Name,Ticker
0,20 Microns Ltd.,20MICRONS
1,360 One Wam Ltd.,360ONE
2,3M India Ltd.,3MINDIA
3,3P Land Holdings Ltd.,3PLAND
4,3i Infotech Ltd.,3IINFOLTD
5,5Paisa Capital Ltd.,5PAISA
6,63 Moons Technologies Ltd.,63MOONS
7,A2Z Infra Engineering Ltd.,A2ZINFRA
8,AAA Technologies Ltd.,AAATECH
9,ABB India Ltd.,ABB
10,ABM International Ltd.,ABMINTLLTD
11,ACC Ltd.,ACC
12,ADF Foods Ltd.,ADFFOODS
13,AGI Greenpac Ltd.,AGI
14,AGS Transact Technologies Ltd.,AGSTRA
15,AIA Engineering Ltd.,AIAENG
16,AJR Infra and Tolling Ltd.,AJRINFRA
17,AKG Exim Ltd.,AKG
18,AMD Industries Ltd.,AMDIND
19,AMJ Land Holdings Ltd.,AMJLAND
20,APL Apollo Tubes Ltd.,APLAPOLLO
21,ARSS Infrastructure Projects Ltd.,ARSSINFRA
22,ART Nirman Ltd.,ARTNIRMAN
23,ASK Automotive Ltd.,ASKAUTOLTD
24,AVG Logistics Ltd.,AVG
25,AVT Natural Products Ltd.,AVTNPL
26,AXISCADES Technologies Ltd.,AXISCADES
27,AYM Syntex Ltd.,AYMSYNTEX
28,Aakash Exploration Services Ltd.,AAKASH
29,Aarey Drugs & Pharmaceuticals Ltd.,AAREYDRUGS
30,Aaron Industries Ltd.,AARON
31,Aartech Solonics Ltd.,AARTECH
32,Aarti Drugs Ltd.,AARTIDRUGS
33,Aarti Industries Ltd.,AARTIIND
34,Aarti Pharmalabs Ltd.,AARTIPHARM
35,Aarti Surfactants Ltd.,AARTISURF
36,Aarvee Denims and Exports Ltd.,AARVEEDEN
37,Aarvi Encon Ltd.,AARVI
38,Aavas Financiers Ltd.,AAVAS
39,Aban Offshore Ltd.,ABAN
40,Abans Holdings Ltd.,AHL
41,Abbott India Ltd.,ABBOTINDIA
42,Accelya Solutions India Ltd.,ACCELYA
43,Accuracy Shipping Ltd.,ACCURACY
44,Ace Integrated Solutions Ltd.,ACEINTEG
45,Action Construction Equipment Ltd.,ACE
46,Adani Energy Solutions Ltd.,ADANIENSOL
47,Adani Enterprises Ltd.,ADANIENT
48,Adani Green Energy Ltd.,ADANIGREEN
49,Adani Ports & Special Economic Zone Ltd.,ADANIPORTS
50,Adani Power Ltd.,ADANIPOWER
51,Adani Total Gas Ltd.,ATGL
52,Adani Wilmar Ltd.,AWL
53,Aditya Birla Capital Ltd.,ABCAPITAL
54,Aditya Birla Fashion and Retail Ltd.,ABFRL
55,Aditya Birla Money Ltd.,BIRLAMONEY
56,Aditya Birla Sun Life AMC Ltd.,ABSLAMC
57,Ador Welding Ltd.,ADORWELD
58,Adroit Infotech Ltd.,ADROITINFO
59,Advanced Enzyme Technologies Ltd.,ADVENZYMES
60,Advani Hotels & Resorts (India) Ltd.,ADVANIHOTR
61,Aegis Logistics Ltd.,AEGISCHEM
62,Aeroflex Industries Ltd.,AEROFLEX
63,Aether Industries Ltd.,AETHER
64,Affle (India) Ltd.,AFFLE
65,Agarwal Industrial Corporation Ltd.,AGARIND
66,Agri-Tech (India) Ltd.,AGRITECH
67,Agro Phos India Ltd.,AGROPHOS
68,Agro Tech Foods Ltd.,ATFL
69,Ahlada Engineers Ltd.,AHLADA
70,Ahluwalia Contracts (India) Ltd.,AHLUCONT
71,Airan Ltd.,AIRAN
72,Airo Lam Ltd.,AIROLAM
73,Ajanta Pharma Ltd.,AJANTPHARM
74,Ajmera Realty & Infra India Ltd.,AJMERA
75,Ajooni Biotech Ltd.,AJOONI
76,Akash Infra-Projects Ltd.,AKASH
77,Aki India Ltd.,AKI
78,Aksh Optifibre Ltd.,AKSHOPTFBR
79,Akshar Spintex Ltd.,AKSHAR
80,AksharChem (India) Ltd.,AKSHARCHEM
81,Akzo Nobel India Ltd.,AKZOINDIA
82,Alankit Ltd.,ALANKIT
83,Albert David Ltd.,ALBERTDAVD
84,Alembic Ltd.,ALEMBICLTD
85,Alembic Pharmaceuticals Ltd.,APLLTD
86,Alicon Castalloy Ltd.,ALICON
87,Alkali Metals Ltd.,ALKALI
88,Alkem Laboratories Ltd.,ALKEM
89,Alkyl Amines Chemicals Ltd.,ALKYLAMINE
90,Allcargo Gati Ltd.,ACLGATI
91,Allcargo Logistics Ltd.,ALLCARGO
92,Allcargo Terminals Ltd.,ATL
93,Allied Digital Services Ltd.,ADSL
94,Allsec Technologies Ltd.,ALLSEC
95,Almondz Global Securities Ltd.,ALMONDZ
96,Alok Industries Ltd.,ALOKINDS
97,Alpa Laboratories Ltd.,ALPA
98,Alphageo (India) Ltd.,ALPHAGEO
99,Alps Industries Ltd.,ALPSINDUS
100,Amara Raja Energy & Mobility Ltd.,ARE&M
101,Amber Enterprises India Ltd.,AMBER
102,Ambica Agarbathies & Aroma Industries Ltd.,AMBICAAGAR
103,Ambika Cotton Mills Ltd.,AMBIKCO
104,Ambuja Cements Ltd.,AMBUJACEM
105,Ami Organics Ltd.,AMIORG
106,Amines & Plasticizers Ltd.,AMNPLST
107,Amrutanjan Health Care Ltd.,AMRUTANJAN
108,Anand Rathi Wealth Ltd.,ANANDRATHI
109,Anant Raj Ltd.,ANANTRAJ
110,Andhra Cements Ltd.,ACL
111,Andhra Paper Ltd.,ANDHRAPAP
112,Andhra Sugars Ltd.,ANDHRSUGAR
113,Andrew Yule & Company Ltd.,ANDREWYU
114,Angel One Ltd.,ANGELONE
115,Anik Industries Ltd.,ANIKINDS
116,Anjani Portland Cement Ltd.,APCL
117,Ankit Metal & Power Ltd.,ANKITMETAL
118,Anmol India Ltd.,ANMOL
119,Ansal Housing Ltd.,ANSALHSG
120,Ansal Properties & Infrastructure Ltd.,ANSALAPI
121,Antarctica Ltd.,ANTGRAPHIC
122,Antony Waste Handling Cell Ltd.,AWHCL
123,Anupam Rasayan India Ltd.,ANURAS
124,Apar Industries Ltd.,APARINDS
125,Apcotex Industries Ltd.,APCOTEXIND
126,Apeejay Surrendra Park Hotels Ltd.,PARKHOTELS
127,Apex Frozen Foods Ltd.,APEX
128,Apollo Hospitals Enterprise Ltd.,APOLLOHOSP
129,Apollo Micro Systems Ltd.,APOLLO
130,Apollo Pipes Ltd.,APOLLOPIPE
131,Apollo Sindoori Hotels Ltd.,APOLSINHOT
132,Apollo Tyres Ltd.,APOLLOTYRE
133,Aptech Ltd.,APTECHT
134,Aptus Value Housing Finance India Ltd.,APTUS
135,Archean Chemical Industries Ltd.,ACI
136,Archidply Decor Ltd.,ADL
137,Archidply Industries Ltd.,ARCHIDPLY
138,Archies Ltd.,ARCHIES
139,Aries Agro Ltd.,ARIES
140,Arihant Capital Markets Ltd.,ARIHANTCAP
141,Arihant Foundations & Housing Ltd.,ARIHANT
142,Arihant Superstructures Ltd.,ARIHANTSUP
143,Arman Financial Services Ltd.,ARMANFIN
144,Aro Granite Industries Ltd.,AROGRANITE
145,Arrow Greentech Ltd.,ARROWGREEN
146,Arshiya Ltd.,ARSHIYA
147,Artemis Medicare Services Ltd.,ARTEMISMED
148,Arvee Laboratories (India) Ltd.,ARVEE
149,Arvind Fashions Ltd.,ARVINDFASN
150,Arvind Ltd.,ARVINDMILL
151,Arvind SmartSpaces Ltd.,ARVSMART
152,Asahi India Glass Ltd.,ASAHIINDIA
153,Asahi Songwon Colors Ltd.,ASAHISONG
154,Ashapura Minechem Ltd.,ASHAPURMIN
155,Ashiana Housing Ltd.,ASHIANA
156,Ashima Ltd.,ASHIMASYN
157,Ashok Leyland Ltd.,ASHOKLEY
158,Ashoka Buildcon Ltd.,ASHOKA
159,Ashoka Metcast Ltd.,ASHOKAMET
160,Asian Energy Services Ltd.,ASIANENE
161,Asian Granito India Ltd.,ASIANTILES
162,Asian Hotels (East) Ltd.,AHLEAST
163,Asian Hotels (North) Ltd.,ASIANHOTNR
164,Asian Hotels (West) Ltd.,AHLWEST
165,Asian Paints Ltd.,ASIANPAINT
166,Aspinwall and Company Ltd.,ASPINWALL
167,Associated Alcohols & Breweries Ltd.,ASALCBR
168,Astec Lifesciences Ltd.,ASTEC
169,Aster DM Healthcare Ltd.,ASTERDM
170,Astra Microwave Products Ltd.,ASTRAMICRO
171,AstraZeneca Pharma India Ltd.,ASTRAZEN
172,Astral Ltd.,ASTRAL
173,Astron Paper & Board Mill Ltd.,ASTRON
174,Atal Realtech Ltd.,ATALREAL
175,Atam Valves Ltd.,ATAM
176,Atlanta Ltd.,ATLANTAA
177,Atul Auto Ltd.,ATULAUTO
178,Atul Ltd.,ATUL
179,Au Small Finance Bank Ltd.,AUBANK
180,Aurionpro Solutions Ltd.,AURIONPRO
181,Aurobindo Pharma Ltd.,AUROPHARMA
182,Aurum Proptech Ltd.,AURUM
183,Ausom Enterprise Ltd.,AUSOMENT
184,Autoline Industries Ltd.,AUTOIND
185,Autolite (India) Ltd.,AUTOLITIND
186,Automotive Axles Ltd.,AUTOAXLES
187,Automotive Stampings and Assemblies Ltd.,ASAL
188,Avadh Sugar & Energy Ltd.,AVADHSUGAR
189,Avalon Technologies Ltd.,AVALON
190,Avanti Feeds Ltd.,AVANTIFEED
191,Avenue Supermarts Ltd.,DMART
192,Avonmore Capital & Management Services Ltd.,AVONMORE
193,Avro India Ltd.,AVROIND
194,Axis Bank Ltd.,AXISBANK
195,Axita Cotton Ltd.,AXITA
196,Azad Engineering Ltd.,AZAD
197,B C Power Controls Ltd.,BCP
198,B L Kashyap & Sons Ltd.,BLKASHYAP
199,B&B Triplewall Containers Ltd.,BBTCL
200,BAG Films & Media Ltd.,BAGFILMS
201,BASF India Ltd.,BASF
202,BCL Industries Ltd.,BCLIND
203,BEML Land Assets Ltd.,BLAL
204,BEML Ltd.,BEML
205,BF Investment Ltd.,BFINVEST
206,BF Utilities Ltd.,BFUTILITIE
207,BGR Energy Systems Ltd.,BGRENERGY
208,BKM Industries Ltd.,BKMINDST
209,BLB Ltd.,BLBLIMITED
210,BLS E-Services Ltd.,BLSE
211,BLS International Services Ltd.,BLS
212,BPL Ltd.,BPL
213,BSE Ltd.,BSE
214,BSL Ltd.,BSL
215,Bafna Pharmaceuticals Ltd.,BAFNAPH
216,Baid Finserv Ltd.,BAIDFIN
217,Bajaj Auto Ltd.,BAJAJ-AUTO
218,Bajaj Consumer Care Ltd.,BAJAJCON
219,Bajaj Electricals Ltd.,BAJAJELEC
220,Bajaj Finance Ltd.,BAJFINANCE
221,Bajaj Finserv Ltd.,BAJAJFINSV
222,Bajaj Healthcare Ltd.,BAJAJHCARE
223,Bajaj Hindusthan Sugar Ltd.,BAJAJHIND
224,Bajaj Holdings & Investment Ltd.,BAJAJHLDNG
225,Bajel Projects Ltd.,BAJEL
226,Bal Pharma Ltd.,BALPHARMA
227,Balaji Amines Ltd.,BALAMINES
228,Balaji Telefilms Ltd.,BALAJITELE
229,Balaxi Pharmaceuticals Ltd.,BALAXI
230,Balkrishna Industries Ltd.,BALKRISIND
231,Balkrishna Paper Mills Ltd.,BALKRISHNA
232,Ballarpur Industries Ltd.,BALLARPUR
233,Balmer Lawrie & Company Ltd.,BALMLAWRIE
234,Balrampur Chini Mills Ltd.,BALRAMCHIN
235,Banaras Beads Ltd.,BANARBEADS
236,Banco Products (India) Ltd.,BANCOINDIA
237,Bandhan Bank Ltd.,BANDHANBNK
238,Bang Overseas Ltd.,BANG
239,Bank of Baroda,BANKBARODA
240,Bank of India,BANKINDIA
241,Bank of Maharashtra,MAHABANK
242,Banka Bioloo Ltd.,BANKA
243,Bannari Amman Spinning Mills Ltd.,BASML
244,Bannari Amman Sugars Ltd.,BANARISUG
245,Banswara Syntex Ltd.,BANSWRAS
246,Barak Valley Cements Ltd.,BVCL
247,Barbeque-Nation Hospitality Ltd.,BARBEQUE
248,Bartronics India Ltd.,ASMS
249,Bata India Ltd.,BATAINDIA
250,Bayer Cropscience Ltd.,BAYERCROP
251,Beardsell Ltd.,BEARDSELL
252,Bedmutha Industries Ltd.,BEDMUTHA
253,Berger Paints (India) Ltd.,BERGEPAINT
254,Best Agrolife Ltd.,BESTAGRO
255,Bhageria Industries Ltd.,BHAGERIA
256,Bhagiradha Chemicals & Industries Ltd.,BHAGCHEM
257,Bhagyanagar India Ltd.,BHAGYANGR
258,Bhagyanagar Properties Ltd.,BHAGYAPROP
259,Bhandari Hosiery Exports Ltd.,BHANDARI
260,Bhansali Engineering Polymers Ltd.,BEPL
261,Bharat Bijlee Ltd.,BBL
262,Bharat Dynamics Ltd.,BDL
263,Bharat Electronics Ltd.,BEL
264,Bharat Forge Ltd.,BHARATFORG
265,Bharat Gears Ltd.,BHARATGEAR
266,Bharat Heavy Electricals Ltd.,BHEL
267,Bharat Petroleum Corporation Ltd.,BPCL
268,Bharat Rasayan Ltd.,BHARATRAS
269,Bharat Road Network Ltd.,BRNL
270,Bharat Wire Ropes Ltd.,BHARATWIRE
271,Bharatiya Global Infomedia Ltd.,BGLOBAL
272,Bharti Airtel Ltd.,BHARTIARTL
273,Bhartiya International Ltd.,BIL
274,Bigbloc Construction Ltd.,BIGBLOC
275,Bikaji Foods International Ltd.,BIKAJI
276,Binani Industries Ltd.,BINANIIND
277,Biocon Ltd.,BIOCON
278,Biofil Chemicals & Pharmaceuticals Ltd.,BIOFILCHEM
279,Birla Cable Ltd.,BIRLACABLE
280,Birla Corporation Ltd.,BIRLACORPN
281,Birla Tyres Ltd.,BIRLATYRE
282,Birlasoft Ltd.,BSOFT
283,Black Box Ltd.,BBOX
284,Bliss GVS Pharma Ltd.,BLISSGVS
285,Blue Chip India Ltd.,BLUECHIP
286,Blue Coast Hotels Ltd.,BLUECOAST
287,Blue Dart Express Ltd.,BLUEDART
288,Blue Jet Healthcare Ltd,BLUEJET
289,Blue Star Ltd.,BLUESTARCO
290,Bodal Chemicals Ltd.,BODALCHEM
291,Bodhi Tree Multimedia Ltd.,BTML
292,Bohra Industries Ltd.,BOHRAIND
293,Bombay Burmah Trading Corporation Ltd.,BBTC
294,Bombay Dyeing & Manufacturing Company Ltd.,BOMDYEING
295,Bombay Rayon Fashions Ltd.,BRFL
296,Bombay Super Hybrid Seeds Ltd.,BSHSL
297,Borosil Ltd.,BOROLTD
298,Borosil Renewables Ltd.,BORORENEW
299,Bosch Ltd.,BOSCHLTD
300,Brand Concepts Ltd.,BCONCEPTS
301,Brigade Enterprises Ltd.,BRIGADE
302,Brightcom Group Ltd.,BCG
303,Britannia Industries Ltd.,BRITANNIA
304,Brooks Laboratories Ltd.,BROOKS
305,Burnpur Cement Ltd.,BURNPUR
306,Butterfly Gandhimathi Appliances Ltd.,BUTTERFLY
307,C & C Constructions Ltd.,CANDC
308,C.E. Info Systems Ltd.,MAPMYINDIA
309,CARE Ratings Ltd.,CARERATING
310,CCL Products India Ltd.,CCL
311,CESC Ltd.,CESC
312,CG Power and Industrial Solutions Ltd.,CGPOWER
313,CIE Automotive India Ltd.,CIEINDIA
314,CL Educate Ltd.,CLEDUCATE
315,CLC Industries Ltd.,SPENTEX
316,CMI Ltd.,CMICABLES
317,CMS Info Systems Ltd.,CMSINFO
318,CSB Bank Ltd.,CSBBANK
319,CSL Finance Ltd.,CSLFINANCE
320,California Software Company Ltd.,CALSOFT
321,Cambridge Technology Enterprises Ltd.,CTE
322,Camlin Fine Sciences Ltd.,CAMLINFINE
323,Campus Activewear Ltd.,CAMPUS
324,Can Fin Homes Ltd.,CANFINHOME
325,Canara Bank,CANBK
326,Cantabil Retail India Ltd.,CANTABIL
327,Capacit'e Infraprojects Ltd.,CAPACITE
328,Capital Small Finance Bank Ltd.,CAPITALSFB
329,Capital Trust Ltd.,CAPTRUST
330,Caplin Point Laboratories Ltd.,CAPLIPOINT
331,Capri Global Capital Ltd.,CGCL
332,CarTrade Tech Ltd.,CARTRADE
333,Carborundum Universal Ltd.,CARBORUNIV
334,Career Point Ltd.,CAREERP
335,Carysil Ltd.,CARYSIL
336,Castrol India Ltd.,CASTROLIND
337,Ceat Ltd.,CEATLTD
338,Celebrity Fashions Ltd.,CELEBRITY
339,Cello World Ltd.,CELLO
340,Central Bank of India,CENTRALBK
341,Central Depository Services (India) Ltd.,CDSL
342,Centrum Capital Ltd.,CENTRUM
343,Centum Electronics Ltd.,CENTUM
344,Century Enka Ltd.,CENTENKA
345,Century Extrusions Ltd.,CENTEXT
346,Century Plyboards (India) Ltd.,CENTURYPLY
347,Century Textiles & Industries Ltd.,CENTURYTEX
348,Cera Sanitaryware Ltd.,CERA
349,Cerebra Integrated Technologies Ltd.,CEREBRAINT
350,Chalet Hotels Ltd.,CHALET
351,Chaman Lal Setia Exports Ltd.,CLSEL
352,Chambal Fertilisers & Chemicals Ltd.,CHAMBLFERT
353,Chembond Chemicals Ltd.,CHEMBOND
354,Chemcon Speciality Chemicals Ltd.,CHEMCON
355,Chemfab Alkalis Ltd.,CHEMFAB
356,Chemplast Sanmar Ltd.,CHEMPLASTS
357,Chennai Petroleum Corporation Ltd.,CHENNPETRO
358,Cheviot Company Ltd.,CHEVIOT
359,Choice International Ltd.,CHOICEIN
360,Cholamandalam Financial Holdings Ltd.,CHOLAHLDNG
361,Cholamandalam Investment & Finance Company Ltd.,CHOLAFIN
362,Cigniti Technologies Ltd.,CIGNITITEC
363,Cineline India Ltd.,CINELINE
364,Cinevista Ltd.,CINEVISTA
365,Cipla Ltd.,CIPLA
366,City Union Bank Ltd.,CUB
367,Clean Science & Technology Ltd.,CLEAN
368,Coal India Ltd.,COALINDIA
369,Coastal Corporation Ltd.,COASTCORP
370,Cochin Shipyard Ltd.,COCHINSHIP
371,Coffee Day Enterprises Ltd.,COFFEEDAY
372,Coforge Ltd.,COFORGE
373,Colgate-Palmolive (India) Ltd.,COLPAL
374,Commercial Syn Bags Ltd.,COMSYN
375,Compuage Infocom Ltd.,COMPINFO
376,Compucom Software Ltd.,COMPUSOFT
377,Computer Age Management Services Ltd.,CAMS
378,Concord Biotech Ltd.,CONCORDBIO
379,Confidence Petroleum India Ltd.,CONFIPET
380,Consolidated Construction Consortium Ltd.,CCCL
381,Consolidated Finvest & Holdings Ltd.,CONSOFINVT
382,Container Corporation of India Ltd.,CONCOR
383,Control Print Ltd.,CONTROLPR
384,Coral India Finance and Housing Ltd.,CORALFINAC
385,Cords Cable Industries Ltd.,CORDSCABLE
386,Coromandel International Ltd.,COROMANDEL
387,Cosmo First Ltd.,COSMOFIRST
388,Country Club Hospitality & Holidays Ltd.,CCHHL
389,Country Condo's Ltd.,COUNCODOS
390,Cox & Kings Ltd.,COX&KINGS
391,Craftsman Automation Ltd.,CRAFTSMAN
392,Creative Eye Ltd.,CREATIVEYE
393,Creative Newtech Ltd.,CREATIVE
394,CreditAccess Grameen Ltd.,CREDITACC
395,Credo Brands Marketing Ltd.,MUFTI
396,Crest Ventures Ltd.,CREST
397,Crisil Ltd.,CRISIL
398,Crompton Greaves Consumer Electricals Ltd.,CROMPTON
399,Crown Lifters Ltd.,CROWN
400,Cubex Tubings Ltd.,CUBEXTUB
401,Cummins India Ltd.,CUMMINSIND
402,Cupid Ltd.,CUPID
403,Cyber Media (India) Ltd.,CYBERMEDIA
404,Cybertech Systems & Software Ltd.,CYBERTECH
405,Cyient DLM Ltd.,CYIENTDLM
406,Cyient Ltd.,CYIENT
407,D B Realty Ltd.,DBREALTY
408,D P Abhushan Ltd.,DPABHUSHAN
409,D P Wires Ltd.,DPWIRES
410,D-Link (India) Ltd.,DLINKINDIA
411,DB (International) Stock Brokers Ltd.,DBSTOCKBRO
412,DB Corp Ltd.,DBCORP
413,DC Infotech and Communication Ltd.,DCI
414,DCB Bank Ltd.,DCBBANK
415,DCM Financial Services Ltd.,DCMFINSERV
416,DCM Ltd.,DCM
417,DCM Nouvelle Ltd.,DCMNVL
418,DCM Shriram Industries Ltd.,DCMSRIND
419,DCM Shriram Ltd.,DCMSHRIRAM
420,DCW Ltd.,DCW
421,DCX Systems Ltd.,DCXINDIA
422,DFM Foods Ltd.,DFMFOODS
423,DIC India Ltd.,DICIND
424,DJ Mediaprint & Logistics Ltd.,DJML
425,DLF Ltd.,DLF
426,DMCC Speciality Chemicals Ltd.,DMCC
427,DOMS Industries Ltd.,DOMS
428,DRC Systems India Ltd.,DRCSYSTEMS
429,DSJ Keep Learning Ltd.,KEEPLEARN
430,Dabur India Ltd.,DABUR
431,Dalmia Bharat Ltd.,DALBHARAT
432,Dalmia Bharat Sugar and Industries Ltd.,DALMIASUG
433,Damodar Industries Ltd.,DAMODARIND
434,Dangee Dums Ltd.,DANGEE
435,Data Patterns (India) Ltd.,DATAPATTNS
436,Datamatics Global Services Ltd.,DATAMATICS
437,Davangere Sugar Company Ltd.,DAVANGERE
438,De Nora India Ltd.,DENORA
439,Debock Industries Ltd.,DIL
440,Deccan Cements Ltd.,DECCANCE
441,Deep Energy Resources Ltd.,DEEPENR
442,Deep Industries Ltd.,DEEPINDS
443,Deepak Fertilisers & Petrochemicals Corporation Ltd.,DEEPAKFERT
444,Deepak Nitrite Ltd.,DEEPAKNTR
445,Delhivery Ltd.,DELHIVERY
446,Delphi World Money Ltd.,DELPHIFX
447,Delta Corp Ltd.,DELTACORP
448,Delta Manufacturing Ltd.,DELTAMAGNT
449,Den Networks Ltd.,DEN
450,Dev Information Technology Ltd.,DEVIT
451,Devyani International Ltd.,DEVYANI
452,Dhampur Bio Organics Ltd.,DBOL
453,Dhampur Sugar Mills Ltd.,DHAMPURSUG
454,Dhani Services Ltd.,DHANI
455,Dhanlaxmi Bank Ltd.,DHANBANK
456,Dhanuka Agritech Ltd.,DHANUKA
457,Dharani Sugars & Chemicals Ltd.,DHARSUGAR
458,Dharmaj Crop Guard Ltd.,DHARMAJ
459,Dhruv Consultancy Services Ltd.,DHRUV
460,Dhunseri Investments Ltd.,DHUNINV
461,Dhunseri Tea & Industries Ltd.,DTIL
462,Dhunseri Ventures Ltd.,DVL
463,DiGiSPICE Technologies Ltd.,DIGISPICE
464,Diamines & Chemicals Ltd.,DIAMINESQ
465,Diamond Power Infrastructure Ltd.,DIACABS
466,Digicontent Ltd.,DGCONTENT
467,Digidrive Distributors Ltd.,DIGIDRIVE
468,Digjam Ltd.,DIGJAMLMTD
469,Diligent Media Corporation Ltd.,DNAMEDIA
470,Dilip Buildcon Ltd.,DBL
471,Dish TV India Ltd.,DISHTV
472,Dishman Carbogen Amcis Ltd.,DCAL
473,Divgi Torqtransfer Systems Ltd.,DIVGIITTS
474,Divi's Laboratories Ltd.,DIVISLAB
475,Dixon Technologies (India) Ltd.,DIXON
476,Dodla Dairy Ltd.,DODLA
477,Dolat Algotech Ltd.,DOLATALGO
478,Dollar Industries Ltd.,DOLLAR
479,Dolphin Offshore Enterprises (India) Ltd.,DOLPHIN
480,Donear Industries Ltd.,DONEAR
481,Dr. Lal Pathlabs Ltd.,LALPATHLAB
482,Dr. Reddy's Laboratories Ltd.,DRREDDY
483,Dreamfolks Services Ltd.,DREAMFOLKS
484,Dredging Corporation Of India Ltd.,DREDGECORP
485,Ducon Infratechnologies Ltd.,DUCON
486,Dwarikesh Sugar Industries Ltd.,DWARKESH
487,Dynacons Systems & Solutions Ltd.,DSSL
488,Dynamatic Technologies Ltd.,DYNAMATECH
489,Dynamic Cables Ltd.,DYCL
490,Dynemic Products Ltd.,DYNPRO
491,E2E Networks Ltd.,E2E
492,EID Parry (India) Ltd.,EIDPARRY
493,EIH Associated Hotels Ltd.,EIHAHOTELS
494,EIH Ltd.,EIHOTEL
495,EMS Ltd.,EMSLIMITED
496,EPACK Durables Ltd.,EPACK
497,EPL Ltd.,EPL
498,ESAF Small Finance Bank Ltd.,ESAFSFB
499,Eastern Silk Industries Ltd.,EASTSILK
500,Easun Reyrolle Ltd.,EASUNREYRL
501,Easy Trip Planners Ltd.,EASEMYTRIP
502,Edelweiss Financial Services Ltd.,EDELWEISS
503,Educomp Solutions Ltd.,EDUCOMP
504,Eicher Motors Ltd.,EICHERMOT
505,Eimco Elecon (India) Ltd.,EIMCOELECO
506,Eldeco Housing & Industries Ltd.,ELDEHSG
507,Elecon Engineering Company Ltd.,ELECON
508,Electronics Mart India Ltd.,EMIL
509,Electrosteel Castings Ltd.,ELECTCAST
510,Electrotherm (India) Ltd.,ELECTHERM
511,Elgi Equipments Ltd.,ELGIEQUIP
512,Elgi Rubber Company Ltd.,ELGIRUBCO
513,Elin Electronics Ltd.,ELIN
514,Emami Ltd.,EMAMILTD
515,Emami Paper Mills Ltd.,EMAMIPAP
516,Emami Realty Ltd.,EMAMIREAL
517,Emco Ltd.,EMCO
518,Emkay Global Financial Services Ltd.,EMKAY
519,Emmbi Industries Ltd.,EMMBI
520,Endurance Technologies Ltd.,ENDURANCE
521,Energy Development Company Ltd.,ENERGYDEV
522,Engineers India Ltd.,ENGINERSIN
523,Entero Healthcare Solutions Ltd.,ENTERO
524,Entertainment Network (India) Ltd.,ENIL
525,Epigral Ltd.,EPIGRAL
526,Equippp Social Impact Technologies Ltd.,EQUIPPP
527,Equitas Holdings Ltd.,EQUITAS
528,Equitas Small Finance Bank Ltd.,EQUITASBNK
529,Eris Lifesciences Ltd.,ERIS
530,Eros International Media Ltd.,EROSMEDIA
531,Esab India Ltd.,ESABINDIA
532,Escorts Kubota Ltd.,ESCORTS
533,Essar Shipping Ltd.,ESSARSHPNG
534,Ester Industries Ltd.,ESTER
535,Ethos Ltd.,ETHOSLTD
536,Euro India Fresh Foods Ltd.,EIFFL
537,Eurotex Industries & Exports Ltd.,EUROTEXIND
538,Eveready Industries India Ltd.,EVEREADY
539,Everest Industries Ltd.,EVERESTIND
540,Everest Kanto Cylinder Ltd.,EKC
541,Excel Industries Ltd.,EXCELINDUS
542,Excel Realty N Infra Ltd.,EXCEL
543,Exicom Tele-Systems Ltd.,EXICOM
544,Exide Industries Ltd.,EXIDEIND
545,Expleo Solutions Ltd.,EXPLEOSOL
546,Exxaro Tiles Ltd.,EXXARO
547,FCS Software Solutions Ltd.,FCSSOFT
548,FDC Ltd.,FDC
549,FIEM Industries Ltd.,FIEMIND
550,FSN E-Commerce Ventures Ltd.,NYKAA
551,Fairchem Organics Ltd.,FAIRCHEMOR
552,Faze Three Ltd.,FAZE3Q
553,Fedbank Financial Services Ltd.,FEDFINA
554,Federal Bank Ltd.,FEDERALBNK
555,Federal-Mogul Goetze (India) Ltd.,FMGOETZE
556,Fiberweb (India) Ltd.,FIBERWEB
557,Filatex India Ltd.,FILATEX
558,Fine Organic Industries Ltd.,FINEORG
559,Fineotex Chemical Ltd.,FCL
560,Fino Payments Bank Ltd.,FINOPB
561,Finolex Cables Ltd.,FINCABLES
562,Finolex Industries Ltd.,FINPIPE
563,Firstsource Solutions Ltd.,FSL
564,Five-Star Business Finance Ltd.,FIVESTAR
565,Flair Writing Industries Ltd,FLAIR
566,Flexituff Ventures International Ltd.,FLEXITUFF
567,Focus Lighting and Fixtures Ltd.,FOCUS
568,Foods & Inns Ltd.,FOODSIN
569,Force Motors Ltd.,FORCEMOT
570,Fortis Healthcare Ltd.,FORTIS
571,Foseco India Ltd.,FOSECOIND
572,Fusion Micro Finance Ltd.,FUSION
573,Future Consumer Ltd.,FCONSUMER
574,Future Enterprises Ltd.,FEL
575,Future Lifestyle Fashions Ltd.,FLFL
576,Future Market Networks Ltd.,FMNL
577,Future Retail Ltd.,FRETAIL
578,Future Supply Chain Solutions Ltd.,FSC
579,G M Breweries Ltd.,GMBREW
580,G R Infraprojects Ltd.,GRINFRA
581,G-Tec Jainx Education Ltd.,GTECJAINX
582,GACM Technologies Ltd.,GATECH
583,GAIL (India) Ltd.,GAIL
584,GE Power India Ltd.,GEPIL
585,GE T&D India Ltd.,GET&D
586,GFL Ltd.,GFLLIMITED
587,GHCL Ltd.,GHCL
588,GHCL Textiles Ltd.,GHCLTEXTIL
589,GIC Housing Finance Ltd.,GICHSGFIN
590,GKW Ltd.,GKWLIMITED
591,GMM Pfaudler Ltd.,GMMPFAUDLR
592,GMR Airports Infrastructure Ltd.,GMRINFRA
593,GMR Power and Urban Infra Ltd.,GMRP&UI
594,GNA Axles Ltd.,GNA
595,GOCL Corporation Ltd.,GOCLCORP
596,GP Petroleums Ltd.,GULFPETRO
597,GPT Healthcare Ltd.,GPTHEALTH
598,GPT Infraprojects Ltd.,GPTINFRA
599,GRM Overseas Ltd.,GRMOVER
600,GRP Ltd.,GRPLTD
601,GSS Infotech Ltd.,GSS
602,GTL Infrastructure Ltd.,GTLINFRA
603,GTL Ltd.,GTL
604,GTN Textiles Ltd.,GTNTEX
605,GTPL Hathway Ltd.,GTPL
606,GVK Power & Infrastructure Ltd.,GVKPIL
607,GVP Infotech Ltd.,GVPTECH
608,Gabriel India Ltd.,GABRIEL
609,Galaxy Surfactants Ltd.,GALAXYSURF
610,Gallantt Ispat Ltd.,GALLISPAT
611,Gallantt Ispat Ltd.,GALLANTT
612,Gandhar Oil Refinery (India) Ltd.,GANDHAR
613,Gandhi Special Tubes Ltd.,GANDHITUBE
614,Ganesh Benzoplast Ltd.,GANESHBE
615,Ganesh Housing Corporation Ltd.,GANESHHOUC
616,Ganesha Ecosphere Ltd.,GANECOS
617,Ganga Forging Ltd.,GANGAFORGE
618,Ganges Securities Ltd.,GANGESSECU
619,Gangotri Textile Ltd.,GANGOTRI
620,Garden Reach Shipbuilders & Engineers Ltd.,GRSE
621,Garware Hi-Tech Films Ltd.,GRWRHITECH
622,Garware Technical Fibres Ltd.,GARFIBRES
623,Gateway Distriparks Ltd.,GDL
624,Gayatri Highways Ltd.,GAYAHWS
625,Gayatri Projects Ltd.,GAYAPROJ
626,GeeCee Ventures Ltd.,GEECEE
627,Geekay Wires Ltd.,GEEKAYWIRE
628,General Insurance Corporation of India,GICRE
629,Generic Engineering Construction and Projects Ltd.,GENCON
630,Genesys International Corporation Ltd.,GENESYS
631,Gensol Engineering Ltd.,GENSOL
632,Genus Paper & Boards Ltd.,GENUSPAPER
633,Genus Power Infrastructures Ltd.,GENUSPOWER
634,Geojit Financial Services Ltd.,GEOJITFSL
635,Gillanders Arbuthnot & Company Ltd.,GILLANDERS
636,Gillette India Ltd.,GILLETTE
637,Ginni Filaments Ltd.,GINNIFILA
638,Gland Pharma Ltd.,GLAND
639,GlaxoSmithKline Pharmaceuticals Ltd.,GLAXO
640,Glenmark Life Sciences Ltd.,GLS
641,Glenmark Pharmaceuticals Ltd.,GLENMARK
642,Global Education Ltd.,GLOBAL
643,Global Health Ltd.,MEDANTA
644,Global Surfaces Ltd.,GSLSU
645,Global Vectra Helicorp Ltd.,GLOBALVECT
646,Globe Textiles (India) Ltd.,GLOBE
647,Globus Spirits Ltd.,GLOBUSSPR
648,Go Fashion (India) Ltd.,GOCOLORS
649,Goa Carbons Ltd.,GOACARBON
650,Godawari Power & Ispat Ltd.,GPIL
651,Godfrey Phillips India Ltd.,GODFRYPHLP
652,Godha Cabcon & Insulation Ltd.,GODHA
653,Godrej Agrovet Ltd.,GODREJAGRO
654,Godrej Consumer Products Ltd.,GODREJCP
655,Godrej Industries Ltd.,GODREJIND
656,Godrej Properties Ltd.,GODREJPROP
657,Goenka Diamond & Jewels Ltd.,GOENKA
658,Gokaldas Exports Ltd.,GOKEX
659,Gokul Agro Resources Ltd.,GOKULAGRO
660,Gokul Refoils & Solvent Ltd.,GOKUL
661,Golden Tobacco Ltd.,GOLDENTOBC
662,Goldiam International Ltd.,GOLDIAM
663,Goldstone Technologies Ltd.,GOLDTECH
664,Goodluck India Ltd.,GOODLUCK
665,Goodyear India Ltd.,GOODYEAR
666,Goyal Aluminiums Ltd.,GOYALALUM
667,Grand Foundry Ltd.,GFSTEELS
668,Granules India Ltd.,GRANULES
669,Graphite India Ltd.,GRAPHITE
670,Grasim Industries Ltd.,GRASIM
671,Grauer & Weil (India) Ltd.,GRAUWEIL
672,Gravita India Ltd.,GRAVITA
673,Great Eastern Shipping Company Ltd.,GESHIP
674,Greaves Cotton Ltd.,GREAVESCOT
675,Greenlam Industries Ltd.,GREENLAM
676,Greenpanel Industries Ltd.,GREENPANEL
677,Greenply Industries Ltd.,GREENPLY
678,Grindwell Norton Ltd.,GRINDWELL
679,Gufic BioSciences Ltd.,GUFICBIO
680,Gujarat Alkalies & Chemicals Ltd.,GUJALKALI
681,Gujarat Ambuja Exports Ltd.,GAEL
682,Gujarat Apollo Industries Ltd.,GUJAPOLLO
683,Gujarat Fluorochemicals Ltd.,FLUOROCHEM
684,Gujarat Gas Ltd.,GUJGASLTD
685,Gujarat Industries Power Company Ltd.,GIPCL
686,Gujarat Lease Financing Ltd.,GLFL
687,Gujarat Mineral Development Corporation Ltd.,GMDCLTD
688,Gujarat Narmada Valley Fertilizers & Chemicals Ltd.,GNFC
689,Gujarat Pipavav Port Ltd.,GPPL
690,Gujarat Raffia Industries Ltd.,GUJRAFFIA
691,Gujarat Sidhee Cement Ltd.,GSCLCEMENT
692,Gujarat State Fertilizer & Chemicals Ltd.,GSFC
693,Gujarat State Petronet Ltd.,GSPL
694,Gulf Oil Lubricants India Ltd.,GULFOILLUB
695,Gulshan Polyols Ltd.,GULPOLY
696,HB Stockholdings Ltd.,HBSL
697,HBL Power Systems Ltd.,HBLPOWER
698,HCL Infosystems Ltd.,HCL-INSYS
699,HCL Technologies Ltd.,HCLTECH
700,HDFC Asset Management Company Ltd.,HDFCAMC
701,HDFC Bank Ltd.,HDFCBANK
702,HDFC Life Insurance Company Ltd.,HDFCLIFE
703,HEC Infra Projects Ltd.,HECPROJECT
704,HEG Ltd.,HEG
705,HFCL Ltd.,HFCL
706,HG Infra Engineering Ltd.,HGINFRA
707,HIL Ltd.,HIL
708,HLE Glascoat Ltd.,HLEGLAS
709,HLV Ltd.,HLVLTD
710,HMA Agro Industries Ltd.,HMAAGRO
711,HMT Ltd.,HMT
712,HOV Services Ltd.,HOVS
713,HP Adhesives Ltd.,HPAL
714,HPL Electric & Power Ltd.,HPL
715,HT Media Ltd.,HTMEDIA
716,Happiest Minds Technologies Ltd.,HAPPSTMNDS
717,Happy Forgings Ltd.,HAPPYFORGE
718,Hardwyn India Ltd.,HARDWYN
719,Hariom Pipe Industries Ltd.,HARIOMPIPE
720,Harrisons Malayalam Ltd.,HARRMALAYA
721,Harsha Engineers International Ltd.,HARSHA
722,Hathway Cable & Datacom Ltd.,HATHWAY
723,Hatsun Agro Products Ltd.,HATSUN
724,Havells India Ltd.,HAVELLS
725,Heads UP Ventures Ltd.,HEADSUP
726,Healthcare Global Enterprises Ltd.,HCG
727,Heidelberg Cement India Ltd.,HEIDELBERG
728,Hemisphere Properties India Ltd.,HEMIPROP
729,Heranba Industries Ltd.,HERANBA
730,Hercules Hoists Ltd.,HERCULES
731,Heritage Foods Ltd.,HERITGFOOD
732,Hero MotoCorp Ltd.,HEROMOTOCO
733,Hester Biosciences Ltd.,HESTERBIO
734,Heubach Colorants India Ltd.,HEUBACHIND
735,Hexa Tradex Ltd.,HEXATRADEX
736,Hi-Tech Pipes Ltd.,HITECH
737,Hikal Ltd.,HIKAL
738,Hilton Metal Forging Ltd.,HILTON
739,Himadri Speciality Chemical Ltd.,HSCL
740,Himatsingka Seide Ltd.,HIMATSEIDE
741,Hind Rectifiers Ltd.,HIRECT
742,Hindalco Industries Ltd.,HINDALCO
743,Hindcon Chemicals Ltd.,HINDCON
744,Hindprakash Industries Ltd.,HPIL
745,Hinduja Global Solutions Ltd.,HGS
746,Hindustan Aeronautics Ltd.,HAL
747,Hindustan Composites Ltd.,HINDCOMPOS
748,Hindustan Construction Company Ltd.,HCC
749,Hindustan Copper Ltd.,HINDCOPPER
750,Hindustan Foods Ltd.,HNDFDS
751,Hindustan Media Ventures Ltd.,HMVL
752,Hindustan Motors Ltd.,HINDMOTORS
753,Hindustan Oil Exploration Company Ltd.,HINDOILEXP
754,Hindustan Petroleum Corporation Ltd.,HINDPETRO
755,Hindustan Unilever Ltd.,HINDUNILVR
756,Hindustan Zinc Ltd.,HINDZINC
757,Hindusthan National Glass & Industries Ltd.,HINDNATGLS
758,Hindware Home Innovation Ltd.,HINDWAREAP
759,Hisar Metal Industries Ltd.,HISARMETAL
760,Hitachi Energy India Ltd.,POWERINDIA
761,Hitech Corporation Ltd.,HITECHCORP
762,Home First Finance Company India Ltd.,HOMEFIRST
763,Honasa Consumer Ltd.,HONASA
764,Honda India Power Products Ltd.,HONDAPOWER
765,Honeywell Automation India Ltd.,HONAUT
766,Housing Development & Infrastructure Ltd.,HDIL
767,Housing Development Finance Corporation Ltd.,HDFC
768,Housing and Urban Development Corporation Ltd.,HUDCO
769,Hubtown Ltd.,HUBTOWN
770,Huhtamaki India Ltd.,HUHTAMAKI
771,I G Petrochemicals Ltd.,IGPL
772,ICDS Ltd.,ICDSLTD
773,ICE Make Refrigeration Ltd.,ICEMAKE
774,ICICI Bank Ltd.,ICICIBANK
775,ICICI Lombard General Insurance Company Ltd.,ICICIGI
776,ICICI Prudential Life Insurance Company Ltd.,ICICIPRULI
777,ICICI Securities Ltd.,ISEC
778,ICRA Ltd.,ICRA
779,IDBI Bank Ltd.,IDBI
780,IDFC First Bank Ltd.,IDFCFIRSTB
781,IDFC Ltd.,IDFC
782,IFB Agro Industries Ltd.,IFBAGRO
783,IFB Industries Ltd.,IFBIND
784,IFCI Ltd.,IFCI
785,IFGL Refractories Ltd.,IFGLEXPOR
786,IIFL Finance Ltd.,IIFL
787,IIFL Securities Ltd.,IIFLSEC
788,IKIO Lighting Ltd.,IKIO
789,IL&FS Engineering & Construction Company Ltd.,IL&FSENGG
790,IL&FS Investment Managers Ltd.,IVC
791,IL&FS Transportation Networks Ltd.,IL&FSTRANS
792,IMP Powers Ltd.,INDLMETER
793,IOL Chemicals and Pharmaceuticals Ltd.,IOLCP
794,IRB Infrastructure Developers Ltd.,IRB
795,IRIS Business Services Ltd.,IRIS
796,IRIS Clothings Ltd.,IRISDOREME
797,IRM Energy Ltd.,IRMENERGY
798,ISGEC Heavy Engineering Ltd.,ISGEC
799,ISMT Ltd.,ISMTLTD
800,ITC Ltd.,ITC
801,ITD Cementation India Ltd.,ITDCEM
802,ITI Ltd.,ITI
803,IVP Ltd.,IVP
804,IZMO Ltd.,IZMO
805,Igarashi Motors India Ltd.,IGARASHI
806,Imagicaaworld Entertainment Ltd.,IMAGICAA
807,Impex Ferro Tech Ltd.,IMPEXFERRO
808,Incredible Industries Ltd.,INCREDIBLE
809,Ind-Swift Laboratories Ltd.,INDSWFTLAB
810,Ind-Swift Ltd.,INDSWFTLTD
811,Indbank Merchant Banking Services Ltd.,INDBANK
812,India Cements Ltd.,INDIACEM
813,India Glycols Ltd.,INDIAGLYCO
814,India Motor Parts & Accessories Ltd.,IMPAL
815,India Nippon Electricals Ltd.,INDNIPPON
816,India Pesticides Ltd.,IPL
817,India Power Corporation Ltd.,DPSCLTD
818,India Shelter Finance Corporation Ltd.,INDIASHLTR
819,India Tourism Development Corporation Ltd.,ITDC
820,IndiaMART InterMESH Ltd.,INDIAMART
821,Indiabulls Enterprises Ltd.,IEL
822,Indiabulls Housing Finance Ltd.,IBULHSGFIN
823,Indiabulls Real Estate Ltd.,IBREALEST
824,Indian Bank,INDIANB
825,Indian Energy Exchange Ltd.,IEX
826,Indian Hotels Company Ltd.,INDHOTEL
827,Indian Hume Pipe Company Ltd.,INDIANHUME
828,Indian Metals & Ferro Alloys Ltd.,IMFA
829,Indian Oil Corporation Ltd.,IOC
830,Indian Overseas Bank,IOB
831,Indian Railway Catering & Tourism Corporation Ltd.,IRCTC
832,Indian Railway Finance Corporation Ltd.,IRFC
833,Indian Renewable Energy Development Agency Ltd.,IREDA
834,Indian Terrain Fashions Ltd.,INDTERRAIN
835,Indigo Paints Ltd.,INDIGOPNTS
836,Indo Amines Ltd.,INDOAMIN
837,Indo Borax & Chemicals Ltd.,INDOBORAX
838,Indo Count Industries Ltd.,ICIL
839,Indo National Ltd.,NIPPOBATRY
840,Indo Rama Synthetics (India) Ltd.,INDORAMA
841,Indo Tech Transformers Ltd.,INDOTECH
842,Indo Thai Securities Ltd.,INDOTHAI
843,Indoco Remedies Ltd.,INDOCO
844,Indosolar Ltd.,INDOSOLAR
845,Indostar Capital Finance Ltd.,INDOSTAR
846,Indowind Energy Ltd.,INDOWIND
847,Indraprastha Gas Ltd.,IGL
848,Indraprastha Medical Corporation Ltd.,INDRAMEDCO
849,Indus Towers Ltd.,INDUSTOWER
850,IndusInd Bank Ltd.,INDUSINDBK
851,Industrial Investment Trust Ltd.,IITL
852,Infibeam Avenues Ltd.,INFIBEAM
853,Info Edge (India) Ltd.,NAUKRI
854,InfoBeans Technologies Ltd.,INFOBEAN
855,Infomedia Press Ltd.,INFOMEDIA
856,Infosys Ltd.,INFY
857,Ingersoll-Rand (India) Ltd.,INGERRAND
858,Innova Captab Ltd.,INNOVACAP
859,Inox Green Energy Services Ltd.,INOXGREEN
860,Inox India Ltd.,INOXINDIA
861,Inox Leisure Ltd.,INOXLEISUR
862,Inox Wind Energy Ltd.,IWEL
863,Inox Wind Ltd.,INOXWIND
864,Insecticides (India) Ltd.,INSECTICID
865,Inspirisys Solutions Ltd.,INSPIRISYS
866,Integra Essentia Ltd.,ESSENTIA
867,Intellect Design Arena Ltd.,INTELLECT
868,Intense Technologies Ltd.,INTENTECH
869,InterGlobe Aviation Ltd.,INDIGO
870,International Conveyors Ltd.,INTLCONV
871,Intrasoft Technologies Ltd.,ISFT
872,Inventure Growth & Securities Ltd.,INVENTURE
873,Ion Exchange (India) Ltd.,IONEXCHANG
874,Ipca Laboratories Ltd.,IPCALAB
875,Ircon International Ltd.,IRCON
876,J B Chemicals & Pharmaceuticals Ltd.,JBCHEPHARM
877,J Kumar Infraprojects Ltd.,JKIL
878,JBF Industries Ltd.,JBFIND
879,JBM Auto Ltd.,JBMA
880,JHS Svendgaard Laboratories Ltd.,JHS
881,JIK Industries Ltd.,JIKIND
882,JITF Infralogistics Ltd.,JITFINFRA
883,JK Cement Ltd.,JKCEMENT
884,JK Lakshmi Cement Ltd.,JKLAKSHMI
885,JK Paper Ltd.,JKPAPER
886,JK Tyre & Industries Ltd.,JKTYRE
887,JM Financial Ltd.,JMFINANCIL
888,JMC Projects (India) Ltd.,JMCPROJECT
889,JMT Auto Ltd.,JMTAUTOLTD
890,JSW Energy Ltd.,JSWENERGY
891,JSW Holdings Ltd.,JSWHL
892,JSW Infrastructure Ltd.,JSWINFRA
893,JSW Ispat Special Products Ltd.,JSWISPL
894,JSW Steel Ltd.,JSWSTEEL
895,JTEKT India Ltd.,JTEKTINDIA
896,JTL Industries Ltd.,JTLIND
897,Jagran Prakashan Ltd.,JAGRAN
898,Jagsonpal Pharmaceuticals Ltd.,JAGSNPHARM
899,Jai Balaji Industries Ltd.,JAIBALAJI
900,Jai Corp Ltd.,JAICORPLTD
901,Jain Irrigation Systems Ltd.,JISLJALEQS
902,Jain Studios Ltd.,JAINSTUDIO
903,Jaiprakash Associates Ltd.,JPASSOCIAT
904,Jaiprakash Power Ventures Ltd.,JPPOWER
905,Jammu & Kashmir Bank Ltd.,J&KBANK
906,Jamna Auto Industries Ltd.,JAMNAAUTO
907,Jana Small Finance Bank Ltd.,JSFB
908,Jash Engineering Ltd.,JASH
909,Jay Bharat Maruti Ltd.,JAYBARMARU
910,Jay Shree Tea & Industries Ltd.,JAYSREETEA
911,Jayant Agro Organics Ltd.,JAYAGROGN
912,Jayaswal Neco Industries Ltd.,JAYNECOIND
913,Jaypee Infratech Ltd.,JPINFRATEC
914,Jet Airways (India) Ltd.,JETAIRWAYS
915,Jet Freight Logistics Ltd.,JETFREIGHT
916,Jindal Cotex Ltd.,JINDCOT
917,Jindal Drilling & Industries Ltd.,JINDRILL
918,Jindal Photo Ltd.,JINDALPHOT
919,Jindal Poly Films Ltd.,JINDALPOLY
920,Jindal Poly Investment & Finance Company Ltd.,JPOLYINVST
921,Jindal Saw Ltd.,JINDALSAW
922,Jindal Stainless (Hisar) Ltd.,JSLHISAR
923,Jindal Stainless Ltd.,JSL
924,Jindal Steel & Power Ltd.,JINDALSTEL
925,Jindal Worldwide Ltd.,JINDWORLD
926,Jio Financial Services Ltd.,JIOFIN
927,Jiya Eco Products Ltd.,JIYAECO
928,Jocil Ltd.,JOCIL
929,Johnson Controls-Hitachi Air Conditioning India Ltd.,JCHAC
930,Jubilant Foodworks Ltd.,JUBLFOOD
931,Jubilant Industries Ltd.,JUBLINDS
932,Jubilant Ingrevia Ltd.,JUBLINGREA
933,Jubilant Pharmova Ltd.,JUBLPHARMA
934,Jullundur Motor Agency (Delhi) Ltd.,JMA
935,Juniper Hotels Ltd.,JUNIPER
936,Jupiter Life Line Hospitals Ltd.,JLHL
937,Jupiter Wagons Ltd.,JWL
938,Just Dial Ltd.,JUSTDIAL
939,Jyothy Labs Ltd.,JYOTHYLAB
940,Jyoti CNC Automation Ltd.,JYOTICNC
941,Jyoti Structures Ltd.,JYOTISTRUC
942,KBC Global Ltd.,KBCGLOBAL
943,KCP Ltd.,KCP
944,KCP Sugar & Industries Corporation Ltd.,KCPSUGIND
945,KDDL Ltd.,KDDL
946,KEC International Ltd.,KEC
947,KEI Industries Ltd.,KEI
948,KFIN Technologies Ltd.,KFINTECH
949,KIOCL Ltd.,KIOCL
950,KM Sugar Mills Ltd.,KMSUGAR
951,KNR Constructions Ltd.,KNRCON
952,KPI Green Energy Ltd.,KPIGREEN
953,KPIT Technologies Ltd.,KPITTECH
954,KPR Mill Ltd.,KPRMILL
955,KRBL Ltd.,KRBL
956,KSB Ltd.,KSB
957,Kabra Extrusion Technik Ltd.,KABRAEXTRU
958,Kajaria Ceramics Ltd.,KAJARIACER
959,Kakatiya Cement Sugar & Industries Ltd.,KAKATCEM
960,Kalpataru Projects International Ltd.,KPIL
961,Kalyan Jewellers India Ltd.,KALYANKJIL
962,Kalyani Forge Ltd.,KALYANIFRG
963,Kalyani Investment Company Ltd.,KICL
964,Kalyani Steels Ltd.,KSL
965,Kamat Hotels (India) Ltd.,KAMATHOTEL
966,Kamdhenu Ltd.,KAMDHENU
967,Kamdhenu Ventures Ltd.,KAMOPAINTS
968,Kanani Industries Ltd.,KANANIIND
969,Kanoria Chemicals & Industries Ltd.,KANORICHEM
970,Kanpur Plastipack Ltd.,KANPRPLA
971,Kansai Nerolac Paints Ltd.,KANSAINER
972,Kapston Services Ltd.,KAPSTON
973,Karma Energy Ltd.,KARMAENG
974,Karnataka Bank Ltd.,KTKBANK
975,Karur Vysya Bank Ltd.,KARURVYSYA
976,Kaushalya Infrastructure Development Corpn.Ltd.,KAUSHALYA
977,Kaveri Seed Company Ltd.,KSCL
978,Kavveri Telecom Products Ltd.,KAVVERITEL
979,Kaya Ltd.,KAYA
980,Kaynes Technology India Ltd.,KAYNES
981,Kellton Tech Solutions Ltd.,KELLTONTEC
982,Kennametal India Ltd.,KENNAMET
983,Kernex Microsystems (India) Ltd.,KERNEX
984,Kesoram Industries Ltd.,KESORAMIND
985,Kewal Kiran Clothing Ltd.,KKCL
986,Keynote Financial Services Ltd.,KEYFINSERV
987,Keystone Realtors Ltd.,RUSTOMJEE
988,Khadim India Ltd.,KHADIM
989,Khaitan (India) Ltd.,KHAITANLTD
990,Khaitan Chemicals & Fertilizers Ltd.,KHAICHEM
991,Khandwala Securities Ltd.,KHANDSE
992,Kilitch Drugs(I) Ltd.,KILITCH
993,Kingfa Science & Technology (India) Ltd.,KINGFA
994,Kiri Industries Ltd.,KIRIINDUS
995,Kirloskar Brothers Ltd.,KIRLOSBROS
996,Kirloskar Electric Company Ltd.,KECL
997,Kirloskar Ferrous Industries Ltd.,KIRLFER
998,Kirloskar Industries Ltd.,KIRLOSIND
999,Kirloskar Oil Engines Ltd.,KIRLOSENG
1000,Kirloskar Pneumatic Company Ltd.,KIRLPNU
1001,Kitex Garments Ltd.,KITEX
1002,Kohinoor Foods Ltd.,KOHINOOR
1003,Kokuyo Camlin Ltd.,KOKUYOCMLN
1004,Kolte-Patil Developers Ltd.,KOLTEPATIL
1005,Kopran Ltd.,KOPRAN
1006,Kotak Mahindra Bank Ltd.,KOTAKBANK
1007,Kothari Petrochemicals Ltd.,KOTHARIPET
1008,Kothari Products Ltd.,KOTHARIPRO
1009,Kothari Sugars & Chemicals Ltd.,KOTARISUG
1010,Kovai Medical Center and Hospital Ltd.,KOVAI
1011,Krebs Biochemicals & Industries Ltd.,KREBSBIO
1012,Kridhan Infra Ltd.,KRIDHANINF
1013,Krishana Phoschem Ltd.,KRISHANA
1014,Krishna Institute of Medical Sciences Ltd.,KIMS
1015,Kriti Industries (India) Ltd.,KRITI
1016,Kriti Nutrients Ltd.,KRITINUT
1017,Kritika Wires Ltd.,KRITIKA
1018,Krsnaa Diagnostics Ltd.,KRSNAA
1019,Kshitij Polyline Ltd.,KSHITIJPOL
1020,Ksolves India Ltd.,KSOLVES
1021,Kuantum Papers Ltd.,KUANTUM
1022,L&T Finance Holdings Ltd.,L&TFH
1023,L&T Technology Services Ltd.,LTTS
1024,LCC Infotech Ltd.,LCCINFOTEC
1025,LG Balakrishnan & Bros Ltd.,LGBBROSLTD
1026,LGB Forge Ltd.,LGBFORGE
1027,LIC Housing Finance Ltd.,LICHSGFIN
1028,LT Foods Ltd.,LTFOODS
1029,LTIMindtree Ltd.,LTIM
1030,La Opala RG Ltd.,LAOPALA
1031,Lagnam Spintex Ltd.,LAGNAM
1032,Lakshmi Finance & Industrial Corporation Ltd.,LFIC
1033,Lakshmi Machine Works Ltd.,LAXMIMACH
1034,Lakshmi Precision Screws Ltd.,LAKPRE
1035,Lambodhara Textiles Ltd.,LAMBODHARA
1036,Lancer Container Lines Ltd.,LANCER
1037,Landmark Cars Ltd.,LANDMARK
1038,Landmark Property Development Company Ltd.,LPDC
1039,Larsen & Toubro Ltd.,LT
1040,Lasa Supergenerics Ltd.,LASA
1041,Latent View Analytics Ltd.,LATENTVIEW
1042,Latteys Industries Ltd.,LATTEYS
1043,Laurus Labs Ltd.,LAURUSLABS
1044,Laxmi Cotspin Ltd.,LAXMICOT
1045,Laxmi Goldorna House Ltd.,LGHL
1046,Laxmi Organic Industries Ltd.,LXCHEM
1047,Lemon Tree Hotels Ltd.,LEMONTREE
1048,Lexus Granito (India) Ltd.,LEXUS
1049,Libas Consumer Products Ltd.,LIBAS
1050,Liberty Shoes Ltd.,LIBERTSHOE
1051,Life Insurance Corporation of India,LICI
1052,Likhitha Infrastructure Ltd.,LIKHITHA
1053,Linc Ltd.,LINC
1054,Lincoln Pharmaceuticals Ltd.,LINCOLN
1055,Linde India Ltd.,LINDEINDIA
1056,Lloyds Engineering Works Ltd.,LLOYDSENGG
1057,Lloyds Metals & Energy Ltd.,LLOYDSME
1058,Lokesh Machines Ltd.,LOKESHMACH
1059,Lords Chloro Alkali Ltd.,LORDSCHLO
1060,Lorenzini Apparels Ltd.,LAL
1061,Lotus Eye Hospital and Institute Ltd.,LOTUSEYE
1062,Lovable Lingerie Ltd.,LOVABLE
1063,Loyal Textiles Mills Ltd.,LOYALTEX
1064,Lumax Auto Technologies Ltd.,LUMAXTECH
1065,Lumax Industries Ltd.,LUMAXIND
1066,Lupin Ltd.,LUPIN
1067,Lux Industries Ltd.,LUXIND
1068,Lyka Labs Ltd.,LYKALABS
1069,Lypsa Gems & Jewellery Ltd.,LYPSAGEMS
1070,M K Proteins Ltd.,MKPL
1071,M M Forgings Ltd.,MMFL
1072,MBL Infrastructure Ltd.,MBLINFRA
1073,MEP Infrastructure Developers Ltd.,MEP
1074,MIC Electronics Ltd.,MICEL
1075,MIRC Electronics Ltd.,MIRCELECTR
1076,MITCON Consultancy & Engineering Services Ltd.,MITCON
1077,MMP Industries Ltd.,MMP
1078,MMTC Ltd.,MMTC
1079,MOIL Ltd.,MOIL
1080,MPS Infotecnics Ltd.,VISESHINFO
1081,MPS Ltd.,MPSLTD
1082,MRF Ltd.,MRF
1083,MRO-TEK Realty Ltd.,MRO-TEK
1084,MSP Steel & Power Ltd.,MSPL
1085,MSTC Ltd.,MSTCLTD
1086,MT Educare Ltd.,MTEDUCARE
1087,MTAR Technologies Ltd.,MTARTECH
1088,Maan Aluminium Ltd.,MAANALU
1089,Macpower CNC Machines Ltd.,MACPOWER
1090,Macrotech Developers Ltd.,LODHA
1091,Madhav Copper Ltd.,MCL
1092,Madhav Marbles & Granites Ltd.,MADHAV
1093,Madhucon Projects Ltd.,MADHUCON
1094,Madhya Bharat Agro Products Ltd.,MBAPL
1095,Madras Fertilizers Ltd.,MADRASFERT
1096,Magadh Sugar & Energy Ltd.,MAGADSUGAR
1097,Magnum Ventures Ltd.,MAGNUM
1098,Maha Rashtra Apex Corporation Ltd.,MAHAPEXLTD
1099,Mahalaxmi Rubtech Ltd.,MHLXMIRU
1100,Mahamaya Steel Industries Ltd.,MAHASTEEL
1101,Mahanagar Gas Ltd.,MGL
1102,Mahanagar Telephone Nigam Ltd.,MTNL
1103,Maharashtra Scooters Ltd.,MAHSCOOTER
1104,Maharashtra Seamless Ltd.,MAHSEAMLES
1105,Maheshwari Logistics Ltd.,MAHESHWARI
1106,Mahindra & Mahindra Financial Services Ltd.,M&MFIN
1107,Mahindra & Mahindra Ltd.,M&M
1108,Mahindra EPC Irrigation Ltd.,MAHEPC
1109,Mahindra Holidays & Resorts India Ltd.,MHRIL
1110,Mahindra Lifespace Developers Ltd.,MAHLIFE
1111,Mahindra Logistics Ltd.,MAHLOG
1112,Maithan Alloys Ltd.,MAITHANALL
1113,Mallcom (India) Ltd.,MALLCOM
1114,Malu Paper Mills Ltd.,MALUPAPER
1115,Man Industries (India) Ltd.,MANINDS
1116,Man Infraconstruction Ltd.,MANINFRA
1117,Manaksia Aluminium Company Ltd.,MANAKALUCO
1118,Manaksia Coated Metals & Industries Ltd.,MANAKCOAT
1119,Manaksia Ltd.,MANAKSIA
1120,Manaksia Steels Ltd.,MANAKSTEEL
1121,Manali Petrochemicals Ltd.,MANALIPETC
1122,Manappuram Finance Ltd.,MANAPPURAM
1123,Mangalam Cement Ltd.,MANGLMCEM
1124,Mangalam Drugs and Organics Ltd.,MANGALAM
1125,Mangalam Global Enterprise Ltd.,MGEL
1126,Mangalam Organics Ltd.,MANORG
1127,Mangalam Timber Products Ltd.,MANGTIMBER
1128,Mangalore Chemicals & Fertilizers Ltd.,MANGCHEFER
1129,Mangalore Refinery And Petrochemicals Ltd.,MRPL
1130,Mankind Pharma Ltd.,MANKIND
1131,Manoj Vaibhav Gems N Jewellers Ltd.,MVGJL
1132,Manomay Tex India Ltd.,MANOMAY
1133,Manorama Industries Ltd.,MANORAMA
1134,Manugraph India Ltd.,MANUGRAPH
1135,Maral Overseas Ltd.,MARALOVER
1136,Marathon Nextgen Realty Ltd.,MARATHON
1137,Marico Ltd.,MARICO
1138,Marine Electricals (India) Ltd.,MARINE
1139,Marksans Pharma Ltd.,MARKSANS
1140,Marshall Machines Ltd.,MARSHALL
1141,Maruti Suzuki India Ltd.,MARUTI
1142,Mas Financial Services Ltd.,MASFIN
1143,Mask Investments Ltd.,MASKINVEST
1144,Mastek Ltd.,MASTEK
1145,Matrimony.com Ltd.,MATRIMONY
1146,Mawana Sugars Ltd.,MAWANASUG
1147,Max Financial Services Ltd.,MFSL
1148,Max Healthcare Institute Ltd.,MAXHEALTH
1149,Max India Ltd.,MAXIND
1150,Max Ventures and Industries Ltd.,MAXVIL
1151,Mayur Uniquoters Ltd.,MAYURUNIQ
1152,Mazagon Dock Shipbuilders Ltd.,MAZDOCK
1153,Mazda Ltd.,MAZDA
1154,McDowell Holdings Ltd.,MCDHOLDING
1155,McLeod Russel (India) Ltd.,MCLEODRUSS
1156,McNally Bharat Engineering Company Ltd.,MBECL
1157,Medi Assist Healthcare Services Ltd.,MEDIASSIST
1158,Medicamen Biotech Ltd.,MEDICAMEQ
1159,Medico Remedies Ltd.,MEDICO
1160,Medplus Health Services Ltd.,MEDPLUS
1161,Megasoft Ltd.,MEGASOFT
1162,Megastar Foods Ltd.,MEGASTAR
1163,Meghmani Organics Ltd.,MOL
1164,Melstar Information Technology Ltd.,MELSTAR
1165,Menon Bearings Ltd.,MENONBE
1166,Mercator Ltd.,MERCATOR
1167,Metalyst Forgings Ltd.,METALFORGE
1168,Metro Brands Ltd.,METROBRAND
1169,Metropolis Healthcare Ltd.,METROPOLIS
1170,MindTree Ltd.,MINDTREE
1171,Minda Corporation Ltd.,MINDACORP
1172,Mindteck (India) Ltd.,MINDTECK
1173,Mirza International Ltd.,MIRZAINT
1174,Mishra Dhatu Nigam Ltd.,MIDHANI
1175,Mittal Life Style Ltd.,MITTAL
1176,Modi Rubber Ltd.,MODIRUBBER
1177,Modison Ltd.,MODISONLTD
1178,Mohit Industries Ltd.,MOHITIND
1179,Mohota Industries Ltd.,MOHOTAIND
1180,Moksh Ornaments Ltd.,MOKSH
1181,Mold-Tek Packaging Ltd.,MOLDTKPAC
1182,Mold-Tek Technologies Ltd.,MOLDTECH
1183,Monarch Networth Capital Ltd.,MONARCH
1184,Monte Carlo Fashions Ltd.,MONTECARLO
1185,Morarjee Textiles Ltd.,MORARJEE
1186,Morepen Laboratories Ltd.,MOREPENLAB
1187,Motherson Sumi Wiring India Ltd.,MSUMI
1188,Motilal Oswal Financial Services Ltd.,MOTILALOFS
1189,Motisons Jewellers Ltd.,MOTISONS
1190,Motor & General Finance Ltd.,MOTOGENFIN
1191,MphasiS Ltd.,MPHASIS
1192,Mrs. Bectors Food Specialities Ltd.,BECTORFOOD
1193,Mufin Green Finance Ltd.,MUFIN
1194,Mukand Engineers Ltd.,MUKANDENGG
1195,Mukand Ltd.,MUKANDLTD
1196,Mukta Arts Ltd.,MUKTAARTS
1197,Multi Commodity Exchange of India Ltd.,MCX
1198,Munjal Auto Industries Ltd.,MUNJALAU
1199,Munjal Showa Ltd.,MUNJALSHOW
1200,Murudeshwar Ceramics Ltd.,MURUDCERA
1201,Music Broadcast Ltd.,RADIOCITY
1202,Muthoot Capital Services Ltd.,MUTHOOTCAP
1203,Muthoot Finance Ltd.,MUTHOOTFIN
1204,Muthoot Microfin Ltd.,MUTHOOTMF
1205,N K Industries Ltd.,NKIND
1206,N R Agarwal Industries Ltd.,NRAIL
1207,NACL Industries Ltd.,NACLIND
1208,NAVA Ltd.,NAVA
1209,NBCC (India) Ltd.,NBCC
1210,NBI Industrial Finance Company Ltd.,NBIFIN
1211,NCC Ltd.,NCC
1212,NCL Industries Ltd.,NCLIND
1213,NDL Ventures Ltd.,NDLVENTURE
1214,NDR Auto Components Ltd.,NDRAUTO
1215,NGL Fine - Chem Ltd.,NGLFINE
1216,NHPC Ltd.,NHPC
1217,NIIT Learning Systems Ltd.,NIITMTS
1218,NIIT Ltd.,NIITLTD
1219,NLC India Ltd.,NLCINDIA
1220,NMDC Ltd.,NMDC
1221,NMDC Steel Ltd.,NSLNISP
1222,NOCIL Ltd.,NOCIL
1223,NRB Bearings Ltd.,NRBBEARING
1224,NRB Industrial Bearings Ltd.,NIBL
1225,NTPC Ltd.,NTPC
1226,Naga Dhunseri Group Ltd.,NDGL
1227,Nagarjuna Fertilizers and Chemicals Ltd.,NAGAFERT
1228,Nagreeka Capital & Infrastructure Ltd.,NAGREEKCAP
1229,Nagreeka Exports Ltd.,NAGREEKEXP
1230,Nahar Capital & Financial Services Ltd.,NAHARCAP
1231,Nahar Industrial Enterprises Ltd.,NAHARINDUS
1232,Nahar Poly Films Ltd.,NAHARPOLY
1233,Nahar Spinning Mills Ltd.,NAHARSPING
1234,Nakoda Group Of Industries Ltd.,NGIL
1235,Nalwa Sons Investments Ltd.,NSIL
1236,Nandan Denim Ltd.,NDL
1237,Nandani Creation Ltd.,JAIPURKURT
1238,Narayana Hrudayalaya Ltd.,NH
1239,Narmada Agrobase Ltd.,NARMADA
1240,Natco Pharma Ltd.,NATCOPHARM
1241,Nath Bio-Genes (India) Ltd.,NATHBIOGEN
1242,National Aluminium Company Ltd.,NATIONALUM
1243,National Fertilizers Ltd.,NFL
1244,National Steel and Agro Industries Ltd.,NATNLSTEEL
1245,Navin Fluorine International Ltd.,NAVINFLUOR
1246,Navkar Corporation Ltd.,NAVKARCORP
1247,Navneet Education Ltd.,NAVNETEDUL
1248,Nazara Technologies Ltd.,NAZARA
1249,Nectar Lifesciences Ltd.,NECLIFE
1250,Nelcast Ltd.,NELCAST
1251,Nelco Ltd.,NELCO
1252,Neogen Chemicals Ltd.,NEOGEN
1253,Nesco Ltd.,NESCO
1254,Nestle India Ltd.,NESTLEIND
1255,Netweb Technologies India Ltd.,NETWEB
1256,Network18 Media & Investments Ltd.,NETWORK18
1257,Neueon Towers Ltd.,NTL
1258,Neuland Laboratories Ltd.,NEULANDLAB
1259,New Delhi Television Ltd.,NDTV
1260,Newgen Software Technologies Ltd.,NEWGEN
1261,Next Mediaworks Ltd.,NEXTMEDIA
1262,Nila Infrastructures Ltd.,NILAINFRA
1263,Nila Spaces Ltd.,NILASPACES
1264,Nilkamal Ltd.,NILKAMAL
1265,Nintec Systems Ltd.,NINSYS
1266,Nippon Life India Asset Management Ltd.,NAM-INDIA
1267,Niraj Cement Structurals Ltd.,NIRAJ
1268,Nitco Ltd.,NITCO
1269,Nitin Fire Protection Industries Ltd.,NITINFIRE
1270,Nitin Spinners Ltd.,NITINSPIN
1271,Nitiraj Engineers Ltd.,NITIRAJ
1272,Noida Toll Bridge Company Ltd.,NOIDATOLL
1273,Norben Tea & Exports Ltd.,NORBTEAEXP
1274,North Eastern Carrying Corporation Ltd.,NECCLTD
1275,Nova Agritech Ltd.,NOVAAGRI
1276,Novartis India Ltd.,NOVARTIND
1277,Nucleus Software Exports Ltd.,NUCLEUS
1278,Nupur Recyclers Ltd.,NRL
1279,Nureca Ltd.,NURECA
1280,Nuvama Wealth Management Ltd.,NUVAMA
1281,Nuvoco Vistas Corporation Ltd.,NUVOCO
1282,Oberoi Realty Ltd.,OBEROIRLTY
1283,Oil And Natural Gas Corporation Ltd.,ONGC
1284,Oil Country Tubular Ltd.,OILCOUNTUB
1285,Oil India Ltd.,OIL
1286,Olectra Greentech Ltd.,OLECTRA
1287,Om Infra Ltd.,OMINFRAL
1288,Omax Autos Ltd.,OMAXAUTO
1289,Omaxe Ltd.,OMAXE
1290,Omkar Speciality Chemicals Ltd.,OMKARCHEM
1291,OnMobile Global Ltd.,ONMOBILE
1292,One Point One Solutions Ltd.,ONEPOINT
1293,One97 Communications Ltd.,PAYTM
1294,Onelife Capital Advisors Ltd.,ONELIFECAP
1295,Onward Technologies Ltd.,ONWARDTEC
1296,Optiemus Infracom Ltd.,OPTIEMUS
1297,Opto Circuits India Ltd.,OPTOCIRCUI
1298,Oracle Financial Services Software Ltd.,OFSS
1299,Orbit Exports Ltd.,ORBTEXP
1300,Orchid Pharma Ltd.,ORCHPHARMA
1301,Oricon Enterprises Ltd.,ORICONENT
1302,Orient Bell Ltd.,ORIENTBELL
1303,Orient Cement Ltd.,ORIENTCEM
1304,Orient Ceratech Ltd.,ORIENTCER
1305,Orient Electric Ltd.,ORIENTELEC
1306,Orient Green Power Company Ltd.,GREENPOWER
1307,Orient Paper & Industries Ltd.,ORIENTPPR
1308,Orient Press Ltd.,ORIENTLTD
1309,Oriental Aromatics Ltd.,OAL
1310,Oriental Carbon & Chemicals Ltd.,OCCL
1311,Oriental Hotels Ltd.,ORIENTHOT
1312,Oriental Trimex Ltd.,ORIENTALTL
1313,Orissa Bengal Carrier Ltd.,OBCL
1314,Ortel Communications Ltd.,ORTEL
1315,Ortin Laboratories Ltd.,ORTINLAB
1316,Osia Hyper Retail Ltd.,OSIAHYPER
1317,Oswal Agro Mills Ltd.,OSWALAGRO
1318,Oswal Green Tech Ltd.,OSWALGREEN
1319,PAE Ltd.,PAEL
1320,PB Fintech Ltd.,POLICYBZR
1321,PBA Infrastructure Ltd.,PBAINFRA
1322,PC Jeweller Ltd.,PCJEWELLER
1323,PCBL Ltd.,PCBL
1324,PDS Ltd.,PDSL
1325,PG Electroplast Ltd.,PGEL
1326,PI Industries Ltd.,PIIND
1327,PNB Gilts Ltd.,PNBGILTS
1328,PNB Housing Finance Ltd.,PNBHOUSING
1329,PNC Infratech Ltd.,PNCINFRA
1330,PPAP Automotive Ltd.,PPAP
1331,PSP Projects Ltd.,PSPPROJECT
1332,PTC India Financial Services Ltd.,PFS
1333,PTC India Ltd.,PTC
1334,PTC Industries Ltd.,PTCIL
1335,PTL Enterprises Ltd.,PTL
1336,PVP Ventures Ltd.,PVP
1337,PVR INOX Ltd.,PVRINOX
1338,Page Industries Ltd.,PAGEIND
1339,Paisalo Digital Ltd.,PAISALO
1340,Pakka Ltd.,PAKKA
1341,Palash Securities Ltd.,PALASHSECU
1342,Palred Technologies Ltd.,PALREDTEC
1343,Panacea Biotec Ltd.,PANACEABIO
1344,Panache Digilife Ltd.,PANACHE
1345,Panama Petrochem Ltd.,PANAMAPET
1346,Pansari Developers Ltd.,PANSARI
1347,Par Drugs & Chemicals Ltd.,PAR
1348,Paradeep Phosphates Ltd.,PARADEEP
1349,Parag Milk Foods Ltd.,PARAGMILK
1350,Paramount Communications Ltd.,PARACABLES
1351,Paras Defence and Space Technologies Ltd.,PARAS
1352,Paras Petrofils Ltd.,PARASPETRO
1353,Parenteral Drugs (India) Ltd.,PDPL
1354,Parsvnath Developers Ltd.,PARSVNATH
1355,Pasupati Acrylon Ltd.,PASUPTAC
1356,Patanjali Foods Ltd.,PATANJALI
1357,Patel Engineering Ltd.,PATELENG
1358,Patel Integrated Logistics Ltd.,PATINTLOG
1359,Patspin India Ltd.,PATSPINLTD
1360,Pavna Industries Ltd.,PAVNAIND
1361,Pearl Global Industries Ltd.,PGIL
1362,Pearl Polymers Ltd.,PEARLPOLY
1363,Peninsula Land Ltd.,PENINLAND
1364,Pennar Industries Ltd.,PENIND
1365,Persistent Systems Ltd.,PERSISTENT
1366,Petronet LNG Ltd.,PETRONET
1367,Pfizer Ltd.,PFIZER
1368,Phoenix Mills Ltd.,PHOENIXLTD
1369,Pidilite Industries Ltd.,PIDILITIND
1370,Pil Italica Lifestyle Ltd.,PILITA
1371,Pilani Investment and Industries Corporation Ltd.,PILANIINVS
1372,Pioneer Distilleries Ltd.,PIONDIST
1373,Pioneer Embroideries Ltd.,PIONEEREMB
1374,Piramal Enterprises Ltd.,PEL
1375,Piramal Pharma Ltd.,PPLPHARMA
1376,Pitti Engineering Ltd.,PITTIENG
1377,Pix Transmissions Ltd.,PIXTRANS
1378,Plastiblends India Ltd.,PLASTIBLEN
1379,Platinum Industries Ltd.,PLATIND
1380,Plaza Wires Ltd.,PLAZACABLE
1381,Poddar Housing and Development Ltd.,PODDARHOUS
1382,Poddar Pigments Ltd.,PODDARMENT
1383,Pokarna Ltd.,POKARNA
1384,Poly Medicure Ltd.,POLYMED
1385,Polycab India Ltd.,POLYCAB
1386,Polyplex Corporation Ltd.,POLYPLEX
1387,Pondy Oxides & Chemicals Ltd.,POCL
1388,Ponni Sugars (Erode) Ltd.,PONNIERODE
1389,Poonawalla Fincorp Ltd.,POONAWALLA
1390,Power Finance Corporation Ltd.,PFC
1391,Power Grid Corporation of India Ltd.,POWERGRID
1392,Power Mech Projects Ltd.,POWERMECH
1393,Power and Instrumentation (Gujarat) Ltd.,PIGL
1394,Pradip Overseas Ltd.,PRADIP
1395,Praj Industries Ltd.,PRAJIND
1396,Prajay Engineers Syndicate Ltd.,PRAENG
1397,Prakash Industries Ltd.,PRAKASH
1398,Prakash Pipes Ltd.,PPL
1399,Prakash Steelage Ltd.,PRAKASHSTL
1400,Prataap Snacks Ltd.,DIAMONDYD
1401,Praxis Home Retail Ltd.,PRAXIS
1402,Precision Camshafts Ltd.,PRECAM
1403,Precision Wires India Ltd.,PRECWIRE
1404,Precot Ltd.,PRECOT
1405,Premier Explosives Ltd.,PREMEXPLN
1406,Premier Ltd.,PREMIER
1407,Premier Polyfilm Ltd.,PREMIERPOL
1408,Pressman Advertising Ltd.,PRESSMN
1409,Prestige Estates Projects Ltd.,PRESTIGE
1410,Pricol Ltd.,PRICOLLTD
1411,Prime Focus Ltd.,PFOCUS
1412,Prime Securities Ltd.,PRIMESECU
1413,Prince Pipes & Fittings Ltd.,PRINCEPIPE
1414,Prism Johnson Ltd.,PRSMJOHNSN
1415,Priti International Ltd.,PRITI
1416,Pritika Auto Industries Ltd.,PRITIKAUTO
1417,Pritish Nandy Communications Ltd.,PNC
1418,Privi Speciality Chemicals Ltd.,PRIVISCL
1419,Procter & Gamble Health Ltd.,PGHL
1420,Procter & Gamble Hygiene & Healthcare Ltd.,PGHH
1421,Prozone Realty Ltd.,PROZONER
1422,Prudent Corporate Advisory Services Ltd.,PRUDENT
1423,Prudential Sugar Corporation Ltd.,PRUDMOULI
1424,Pudumjee Paper Products Ltd.,PDMJEPAPER
1425,Punj Lloyd Ltd.,PUNJLLOYD
1426,Punjab & Sind Bank,PSB
1427,Punjab Chemicals and Crop Protection Ltd.,PUNJABCHEM
1428,Punjab National Bank,PNB
1429,Puravankara Ltd.,PURVA
1430,Pyramid Technoplast Ltd.,PYRAMID
1431,Quess Corp Ltd.,QUESS
1432,Quick Heal Technologies Ltd.,QUICKHEAL
1433,Quintegra Solutions Ltd.,QUINTEGRA
1434,R R Kabel Ltd.,RRKABEL
1435,R Systems International Ltd.,RSYSTEMS
1436,RBL Bank Ltd.,RBLBANK
1437,RBZ Jewellers Ltd.,RBZJEWEL
1438,REC Ltd.,RECLTD
1439,RHI Magnesita India Ltd.,RHIM
1440,RKEC Projects Ltd.,RKEC
1441,RPG Life Sciences Ltd.,RPGLIFE
1442,RPP Infra Projects Ltd.,RPPINFRA
1443,RPSG Ventures Ltd.,RPSGVENT
1444,RS Software (India) Ltd.,RSSOFTWARE
1445,RSWM Ltd.,RSWM
1446,Race Eco Chain Ltd.,RACE
1447,Radaan Mediaworks (I) Ltd.,RADAAN
1448,Radha Madhav Corporation Ltd.,RMCL
1449,Radhika Jeweltech Ltd.,RADHIKAJWE
1450,Radiant Cash Management Services Ltd.,RADIANTCMS
1451,Radico Khaitan Ltd.,RADICO
1452,Rail Vikas Nigam Ltd.,RVNL
1453,Railtel Corporation of India Ltd.,RAILTEL
1454,Rain Industries Ltd.,RAIN
1455,Rainbow Childrens Medicare Ltd.,RAINBOW
1456,Raj Oil Mills Ltd.,ROML
1457,Raj Rayon Industries Ltd.,RAJRILTD
1458,Raj Television Network Ltd.,RAJTV
1459,Rajdarshan Industries Ltd.,ARENTERP
1460,Rajesh Exports Ltd.,RAJESHEXPO
1461,Rajnandini Metal Ltd.,RAJMET
1462,Rajratan Global Wire Ltd.,RAJRATAN
1463,Rajshree Polypack Ltd.,RPPL
1464,Rajshree Sugars & Chemicals Ltd.,RAJSREESUG
1465,Rajvir Industries Ltd.,RAJVIR
1466,Rallis India Ltd.,RALLIS
1467,Ram Ratna Wires Ltd.,RAMRAT
1468,Rama Phosphates Ltd.,RAMAPHO
1469,Rama Steel Tubes Ltd.,RAMASTEEL
1470,Ramco Industries Ltd.,RAMCOIND
1471,Ramco Systems Ltd.,RAMCOSYS
1472,Ramkrishna Forgings Ltd.,RKFORGE
1473,Ramky Infrastructure Ltd.,RAMKY
1474,Rana Sugars Ltd.,RANASUG
1475,Rane (Madras) Ltd.,RML
1476,Rane Brake Lining Ltd.,RBL
1477,Rane Engine Valve Ltd.,RANEENGINE
1478,Rane Holdings Ltd.,RANEHOLDIN
1479,Rashi Peripherals Ltd.,RPTECH
1480,Rashtriya Chemicals & Fertilizers Ltd.,RCF
1481,RateGain Travel Technologies Ltd.,RATEGAIN
1482,Ratnamani Metals & Tubes Ltd.,RATNAMANI
1483,Ratnaveer Precision Engineering Ltd.,RATNAVEER
1484,RattanIndia Enterprises Ltd.,RTNINDIA
1485,RattanIndia Power Ltd.,RTNPOWER
1486,Ravi Kumar Distilleries Ltd.,RKDL
1487,Ravinder Heights Ltd.,RVHL
1488,Raymond Ltd.,RAYMOND
1489,Redington Ltd.,REDINGTON
1490,Redtape Ltd.,REDTAPE
1491,Refex Industries Ltd.,REFEX
1492,Regency Ceramics Ltd.,REGENCERAM
1493,Relaxo Footwears Ltd.,RELAXO
1494,Reliance Capital Ltd.,RELCAPITAL
1495,Reliance Chemotex Industries Ltd.,RELCHEMQ
1496,Reliance Communications Ltd.,RCOM
1497,Reliance Home Finance Ltd.,RHFL
1498,Reliance Industrial InfraStructure Ltd.,RIIL
1499,Reliance Industries Ltd.,RELIANCE
1500,Reliance Infrastructure Ltd.,RELINFRA
1501,Reliance Naval and Engineering Ltd.,RNAVAL
1502,Reliance Power Ltd.,RPOWER
1503,Religare Enterprises Ltd.,RELIGARE
1504,Remsons Industries Ltd.,REMSONSIND
1505,Renaissance Global Ltd.,RGL
1506,Repco Home Finance Ltd.,REPCOHOME
1507,Repro India Ltd.,REPRO
1508,Responsive Industries Ltd.,RESPONIND
1509,Restaurant Brands Asia Ltd.,RBA
1510,Rico Auto Industries Ltd.,RICOAUTO
1511,Rishabh Instruments Ltd.,RISHABH
1512,Ritco Logistics Ltd.,RITCO
1513,Rites Ltd.,RITES
1514,Robust Hotels Ltd.,RHL
1515,Rohit Ferro-Tech Ltd.,ROHITFERRO
1516,Rolex Rings Ltd.,ROLEXRINGS
1517,Rollatainers Ltd.,ROLLT
1518,Rolta India Ltd.,ROLTA
1519,Rossari Biotech Ltd.,ROSSARI
1520,Rossell India Ltd.,ROSSELLIND
1521,Roto Pumps Ltd.,ROTO
1522,Route Mobile Ltd.,ROUTE
1523,Royal Orchid Hotels Ltd.,ROHLTD
1524,Ruby Mills Ltd.,RUBYMILLS
1525,Ruchi Infrastructure Ltd.,RUCHINFRA
1526,Ruchira Papers Ltd.,RUCHIRA
1527,Rudrabhishek Enterprises Ltd.,REPL
1528,Rupa & Company Ltd.,RUPA
1529,Rushil Decor Ltd.,RUSHIL
1530,S & S Power Switchgear Ltd.,S&SPOWER
1531,S Chand & Company Ltd.,SCHAND
1532,S H Kelkar & Company Ltd.,SHK
1533,S P Apparels Ltd.,SPAL
1534,SAB Events & Governance Now Media Ltd.,SABEVENTS
1535,SAL Steel Ltd.,SALSTEEL
1536,SBC Exports Ltd.,SBC
1537,SBFC Finance Ltd.,SBFC
1538,SBI Cards and Payment Services Ltd.,SBICARD
1539,SBI Life Insurance Company Ltd.,SBILIFE
1540,SEL Manufacturing Company Ltd.,SELMC
1541,SEPC Ltd.,SEPC
1542,SIL Investments Ltd.,SILINV
1543,SIS Ltd.,SIS
1544,SITI Networks Ltd.,SITINET
1545,SJS Enterprises Ltd.,SJS
1546,SJVN Ltd.,SJVN
1547,SKF India Ltd.,SKFINDIA
1548,SKIL Infrastructure Ltd.,SKIL
1549,SKM Egg Products Export (India) Ltd.,SKMEGGPROD
1550,SMC Global Securities Ltd.,SMCGLOBAL
1551,SML Isuzu Ltd.,SMLISUZU
1552,SMS Lifesciences India Ltd.,SMSLIFE
1553,SMS Pharmaceuticals Ltd.,SMSPHARMA
1554,SORIL Infra Resources Ltd.,SORILINFRA
1555,SPL Industries Ltd.,SPLIL
1556,SPML Infra Ltd.,SPMLINFRA
1557,SREI Infrastructure Finance Ltd.,SREINFRA
1558,SRF Ltd.,SRF
1559,SRG Housing Finance Ltd.,SRGHFL
1560,STEL Holdings Ltd.,STEL
1561,STL Global Ltd.,SGL
1562,SVP Global Textiles Ltd.,SVPGLOB
1563,Sadbhav Engineering Ltd.,SADBHAV
1564,Sadbhav Infrastructure Project Ltd.,SADBHIN
1565,Sadhana Nitro Chem Ltd.,SADHNANIQ
1566,Safari Industries (India) Ltd.,SAFARI
1567,Sagar Cements Ltd.,SAGCEM
1568,Sagardeep Alloys Ltd.,SAGARDEEP
1569,Sah Polymers Ltd.,SAH
1570,Sahyadri Industries Ltd.,SAHYADRI
1571,Sai Silks (Kalamandir) Ltd.,KALAMANDIR
1572,Sakar Healthcare Ltd.,SAKAR
1573,Saksoft Ltd.,SAKSOFT
1574,Sakthi Sugars Ltd.,SAKHTISUG
1575,Sakuma Exports Ltd.,SAKUMA
1576,Salasar Exteriors and Contour Ltd.,SECL
1577,Salasar Techno Engineering Ltd.,SALASAR
1578,Salona Cotspin Ltd.,SALONA
1579,Salzer Electronics Ltd.,SALZERELEC
1580,Sambhaav Media Ltd.,SAMBHAAV
1581,Samhi Hotels Ltd.,SAMHI
1582,Sampann Utpadan India Ltd.,SAMPANN
1583,Samvardhana Motherson International Ltd.,MOTHERSON
1584,Sanco Industries Ltd.,SANCO
1585,Sandesh Ltd.,SANDESH
1586,Sandhar Technologies Ltd.,SANDHAR
1587,Sandur Manganese & Iron Ores Ltd.,SANDUMA
1588,Sangam (India) Ltd.,SANGAMIND
1589,Sanghi Industries Ltd.,SANGHIIND
1590,Sanghvi Movers Ltd.,SANGHVIMOV
1591,Sanginita Chemicals Ltd.,SANGINITA
1592,Sanofi India Ltd.,SANOFI
1593,Sansera Engineering Ltd.,SANSERA
1594,Sapphire Foods India Ltd.,SAPPHIRE
1595,Sarda Energy & Minerals Ltd.,SARDAEN
1596,Saregama India Ltd.,SAREGAMA
1597,Sarla Performance Fibers Ltd.,SARLAPOLY
1598,Sarthak Metals Ltd.,SMLT
1599,Sarveshwar Foods Ltd.,SARVESHWAR
1600,Sasken Technologies Ltd.,SASKEN
1601,Sastasundar Ventures Ltd.,SASTASUNDR
1602,Sat Industries Ltd.,SATINDLTD
1603,Sathavahana Ispat Ltd.,SATHAISPAT
1604,Satia Industries Ltd.,SATIA
1605,Satin Creditcare Network Ltd.,SATIN
1606,Saurashtra Cements Ltd.,SAURASHCEM
1607,Savita Oil Technologies Ltd.,SOTL
1608,Schaeffler India Ltd.,SCHAEFFLER
1609,Schneider Electric Infrastructure Ltd.,SCHNEIDER
1610,Seamec Ltd.,SEAMECLTD
1611,SecMark Consultancy Ltd.,SECMARK
1612,SecUR Credentials Ltd.,SECURCRED
1613,Securekloud Technologies Ltd.,SECURKLOUD
1614,Sejal Glass Ltd.,SEJALLTD
1615,Selan Exploration Technology Ltd.,SELAN
1616,Semac Consultants Ltd.,SEMAC
1617,Senco Gold Ltd.,SENCO
1618,Sequent Scientific Ltd.,SEQUENT
1619,Servotech Power Systems Ltd.,SERVOTECH
1620,Seshasayee Paper & Boards Ltd.,SESHAPAPER
1621,Setco Automotive Ltd.,SETCO
1622,Setubandhan Infrastructure Ltd.,SETUINFRA
1623,Seya Industries Ltd.,SEYAIND
1624,Shah Alloys Ltd.,SHAHALLOYS
1625,Shah Metacorp Ltd.,SHAH
1626,Shaily Engineering Plastics Ltd.,SHAILY
1627,Shakti Pumps (India) Ltd.,SHAKTIPUMP
1628,Shalby Ltd.,SHALBY
1629,Shalimar Paints Ltd.,SHALPAINTS
1630,Shankara Building Products Ltd.,SHANKARA
1631,Shanthi Gears Ltd.,SHANTIGEAR
1632,Shanti Overseas (India) Ltd.,SHANTI
1633,Sharda Cropchem Ltd.,SHARDACROP
1634,Sharda Motor Industries Ltd.,SHARDAMOTR
1635,Share India Securities Ltd.,SHAREINDIA
1636,Sheela Foam Ltd.,SFL
1637,Sheetal Cool Products Ltd.,SCPL
1638,Shekhawati Poly Yarn Ltd.,SPYL
1639,Shemaroo Entertainment Ltd.,SHEMAROO
1640,Shilpa Medicare Ltd.,SHILPAMED
1641,Shipping Corporation of India Ltd.,SCI
1642,Shiva Mills Ltd.,SHIVAMILLS
1643,Shiva Texyarn Ltd.,SHIVATEX
1644,Shivalik Bimetal Controls Ltd.,SBCL
1645,Shivalik Rasayan Ltd.,SHIVALIK
1646,Shivam Autotech Ltd.,SHIVAMAUTO
1647,Shoppers Stop Ltd.,SHOPERSTOP
1648,Shradha Infraprojects Ltd.,SHRADHA
1649,Shree Cements Ltd.,SHREECEM
1650,Shree Digvijay Cement Company Ltd.,SHREDIGCEM
1651,Shree Pushkar Chemicals & Fertilisers Ltd.,SHREEPUSHK
1652,Shree Ram Proteins Ltd.,SRPL
1653,Shree Rama Multi-Tech Ltd.,SHREERAMA
1654,Shree Rama Newsprint Ltd.,RAMANEWS
1655,Shree Renuka Sugars Ltd.,RENUKA
1656,Shree Vasu Logistics Ltd.,SVLL
1657,Shreeoswal Seeds and Chemicals Ltd.,OSWALSEEDS
1658,Shrenik Ltd.,SHRENIK
1659,Shreyans Industries Ltd.,SHREYANIND
1660,Shreyas Shipping & Logistics Ltd.,SHREYAS
1661,Shriram City Union Finance Ltd.,SHRIRAMCIT
1662,Shriram Finance Ltd.,SHRIRAMFIN
1663,Shriram Pistons & Rings Ltd.,SHRIPISTON
1664,Shriram Properties Ltd.,SHRIRAMPPS
1665,Shyam Century Ferrous Ltd.,SHYAMCENT
1666,Shyam Metalics and Energy Ltd.,SHYAMMETL
1667,Shyam Telecom Ltd.,SHYAMTEL
1668,Sical Logistics Ltd.,SICALLOG
1669,Siemens Ltd.,SIEMENS
1670,Sigachi Industries Ltd.,SIGACHI
1671,Sigma Solve Ltd.,SIGMA
1672,Signet Industries Ltd.,SIGIND
1673,Signpost India Ltd.,SIGNPOST
1674,Sikko Industries Ltd.,SIKKO
1675,Silgo Retail Ltd.,SILGO
1676,Silly Monks Entertainment Ltd.,SILLYMONKS
1677,Silver Touch Technologies Ltd.,SILVERTUC
1678,Simbhaoli Sugars Ltd.,SIMBHALS
1679,Simplex Infrastructures Ltd.,SIMPLEXINF
1680,Sindhu Trade Links Ltd.,SINDHUTRAD
1681,Sintercom India Ltd.,SINTERCOM
1682,Sintex Industries Ltd.,SINTEX
1683,Sintex Plastics Technology Ltd.,SPTL
1684,Sirca Paints India Ltd.,SIRCA
1685,Siyaram Silk Mills Ltd.,SIYSIL
1686,Skipper Ltd.,SKIPPER
1687,Sky Gold Ltd.,SKYGOLD
1688,Smartlink Holdings Ltd.,SMARTLINK
1689,Snowman Logistics Ltd.,SNOWMAN
1690,Sobha Ltd.,SOBHA
1691,SoftTech Engineers Ltd.,SOFTTECH
1692,Solar Industries India Ltd.,SOLARINDS
1693,Solara Active Pharma Sciences Ltd.,SOLARA
1694,Som Distilleries & Breweries Ltd.,SDBL
1695,Soma Textiles & Industries Ltd.,SOMATEX
1696,Somany Ceramics Ltd.,SOMANYCERA
1697,Somi Conveyor Beltings Ltd.,SOMICONVEY
1698,Sona BLW Precision Forgings Ltd.,SONACOMS
1699,Sonam Ltd.,SONAMLTD
1700,Sonata Software Ltd.,SONATSOFTW
1701,South Indian Bank Ltd.,SOUTHBANK
1702,South West Pinnacle Exploration Ltd.,SOUTHWEST
1703,Southern Petrochemicals Industries Corporation Ltd.,SPIC
1704,Spacenet Enterprises India Ltd.,SPCENET
1705,Spandana Sphoorty Financial Ltd.,SPANDANA
1706,Speciality Restaurants Ltd.,SPECIALITY
1707,Spencers Retail Ltd.,SPENCERS
1708,Spicejet Ltd.,SPICEJET
1709,Sportking India Ltd.,SPORTKING
1710,Sree Rayalaseema Hi-Strength Hypo Ltd.,SRHHYPOLTD
1711,Sreeleathers Ltd.,SREEL
1712,Sri Adhikari Brothers Television Network Ltd.,SABTN
1713,Sri Havisha Hospitality and Infrastructure Ltd.,HAVISHA
1714,Srikalahasthi Pipes Ltd.,SRIPIPES
1715,Standard Industries Ltd.,SIL
1716,Star Cement Ltd.,STARCEMENT
1717,Star Health and Allied Insurance Company Ltd.,STARHEALTH
1718,Star Paper Mills Ltd.,STARPAPER
1719,Starteck Finance Ltd.,STARTECK
1720,State Bank of India,SBIN
1721,State Trading Corporation Of India Ltd.,STCINDIA
1722,Steel Authority of India (SAIL) Ltd.,SAIL
1723,Steel Cast Ltd.,STEELCAS
1724,Steel City Securities Ltd.,STEELCITY
1725,Steel Exchange India Ltd.,STEELXIND
1726,Steel Strips Wheels Ltd.,SSWL
1727,Sterling Tools Ltd.,STERTOOLS
1728,Sterling and Wilson Renewable Energy Ltd.,SWSOLAR
1729,Sterlite Technologies Ltd.,STLTECH
1730,Stove Kraft Ltd.,STOVEKRAFT
1731,Strides Pharma Science Ltd.,STAR
1732,Stylam Industries Ltd.,STYLAMIND
1733,Styrenix Performance Materials Ltd.,STYRENIX
1734,Subex Ltd.,SUBEXLTD
1735,Subros Ltd.,SUBROS
1736,Sudarshan Chemical Industries Ltd.,SUDARSCHEM
1737,Sukhjit Starch & Chemicals Ltd.,SUKHJITS
1738,Sula Vineyards Ltd.,SULA
1739,Sumeet Industries Ltd.,SUMEETINDS
1740,Sumit Woods Ltd.,SUMIT
1741,Sumitomo Chemical India Ltd.,SUMICHEM
1742,Summit Securities Ltd.,SUMMITSEC
1743,Sun Pharma Advanced Research Company Ltd.,SPARC
1744,Sun Pharmaceutical Industries Ltd.,SUNPHARMA
1745,Sun TV Network Ltd.,SUNTV
1746,Sundaram Brake Lining Ltd.,SUNDRMBRAK
1747,Sundaram Finance Holdings Ltd.,SUNDARMHLD
1748,Sundaram Finance Ltd.,SUNDARMFIN
1749,Sundaram Multi Pap Ltd.,SUNDARAM
1750,Sundaram-Clayton Ltd.,SUNCLAY
1751,Sundram Fasteners Ltd.,SUNDRMFAST
1752,Sunflag Iron & Steel Company Ltd.,SUNFLAG
1753,Sunteck Realty Ltd.,SUNTECK
1754,Super Spinning Mills Ltd.,SUPERSPIN
1755,Superhouse Ltd.,SUPERHOUSE
1756,Suprajit Engineering Ltd.,SUPRAJIT
1757,Supreme Engineering Ltd.,SUPREMEENG
1758,Supreme Industries Ltd.,SUPREMEIND
1759,Supreme Infrastructure India Ltd.,SUPREMEINF
1760,Supreme Petrochem Ltd.,SPLPETRO
1761,Supriya Lifescience Ltd.,SUPRIYA
1762,Suraj Estate Developers Ltd.,SURAJEST
1763,Surana Solar Ltd.,SURANASOL
1764,Surana Telecom and Power Ltd.,SURANAT&P
1765,Suratwwala Business Group Ltd.,SBGLP
1766,Surya Roshni Ltd.,SURYAROSNI
1767,Suryalakshmi Cotton Mills Ltd.,SURYALAXMI
1768,Suryoday Small Finance Bank Ltd.,SURYODAY
1769,Sutlej Textiles & Industries Ltd.,SUTLEJTEX
1770,Suven Life Sciences Ltd.,SUVEN
1771,Suven Pharmaceuticals Ltd.,SUVENPHAR
1772,Suvidhaa Infoserve Ltd.,SUVIDHAA
1773,Suzlon Energy Ltd.,SUZLON
1774,Swan Energy Ltd.,SWANENERGY
1775,Swaraj Engines Ltd.,SWARAJENG
1776,Swelect Energy Systems Ltd.,SWELECTES
1777,Symphony Ltd.,SYMPHONY
1778,Syncom Formulation (India) Ltd.,SYNCOMF
1779,Synergy Green Industries Ltd.,SGIL
1780,Syngene International Ltd.,SYNGENE
1781,Syrma SGS Technology Ltd.,SYRMA
1782,T T Ltd.,TTL
1783,TARC Ltd.,TARC
1784,TCI Developers Ltd.,TCIDEVELOP
1785,TCI Express Ltd.,TCIEXP
1786,TCI Finance Ltd.,TCIFINANCE
1787,TCNS Clothing Co. Ltd.,TCNSBRANDS
1788,TCPL Packaging Ltd.,TCPLPACK
1789,TD Power Systems Ltd.,TDPOWERSYS
1790,TECIL Chemicals & Hydro Power Ltd.,TECILCHEM
1791,TGB Banquets and Hotels Ltd.,TGBHOTELS
1792,TIL Ltd.,TIL
1793,TPL Plastech Ltd.,TPLPLASTEH
1794,TRF Ltd.,TRF
1795,TTK Healthcare Ltd.,TTKHLTCARE
1796,TTK Prestige Ltd.,TTKPRESTIG
1797,TV Today Network Ltd.,TVTODAY
1798,TV Vision Ltd.,TVVISION
1799,TV18 Broadcast Ltd.,TV18BRDCST
1800,TVS Electronics Ltd.,TVSELECT
1801,TVS Holdings Ltd.,TVSHLTD
1802,TVS Motor Company Ltd.,TVSMOTOR
1803,TVS Srichakra Ltd.,TVSSRICHAK
1804,TVS Supply Chain Solutions Ltd.,TVSSCS
1805,Tainwala Chemicals & Plastics (India) Ltd.,TAINWALCHM
1806,Taj GVK Hotels & Resorts Ltd.,TAJGVK
1807,Take Solutions Ltd.,TAKE
1808,Talbros Automotive Components Ltd.,TALBROAUTO
1809,Tamil Nadu Newsprint And Papers Ltd.,TNPL
1810,Tamilnad Mercantile Bank Ltd.,TMB
1811,Tamilnadu Petroproducts Ltd.,TNPETRO
1812,Tamilnadu Telecommunications Ltd.,TNTELE
1813,Tanla Platforms Ltd.,TANLA
1814,Tantia Constructions Ltd.,TCLCONS
1815,Tarapur Transformers Ltd.,TARAPUR
1816,Tarmat Ltd.,TARMAT
1817,Tarsons Products Ltd.,TARSONS
1818,Tasty Bite Eatables Ltd.,TASTYBITE
1819,Tata Chemicals Ltd.,TATACHEM
1820,Tata Coffee Ltd.,TATACOFFEE
1821,Tata Communications Ltd.,TATACOMM
1822,Tata Consultancy Services Ltd.,TCS
1823,Tata Consumer Products Ltd.,TATACONSUM
1824,Tata Elxsi Ltd.,TATAELXSI
1825,Tata Investment Corporation Ltd.,TATAINVEST
1826,Tata Metaliks Ltd.,TATAMETALI
1827,Tata Motors Ltd.,TATAMOTORS
1828,Tata Power Company Ltd.,TATAPOWER
1829,Tata Steel BSL Ltd.,BHUSANSTL
1830,Tata Steel Long Products Ltd.,TATASTLLP
1831,Tata Steel Ltd.,TATASTEEL
1832,Tata Technologies Ltd.,TATATECH
1833,Tata Teleservices (Maharashtra) Ltd.,TTML
1834,Tatva Chintan Pharma Chem Ltd.,TATVA
1835,TeamLease Services Ltd.,TEAMLEASE
1836,Teamo Productions HQ Ltd.,TPHQ
1837,Tech Mahindra Ltd.,TECHM
1838,Techindia Nirman Ltd.,TECHIN
1839,Techno Electric & Engineering Company Ltd.,TECHNOE
1840,Technocraft Industries (India) Ltd.,TIIL
1841,Tega Industries Ltd.,TEGA
1842,Tejas Networks Ltd.,TEJASNET
1843,Tembo Global Industries Ltd.,TEMBO
1844,Tera Software Ltd.,TERASOFT
1845,Texmaco Infrastructure & Holdings Ltd.,TEXINFRA
1846,Texmaco Rail & Engineering Ltd.,TEXRAIL
1847,Texmo Pipes & Products Ltd.,TEXMOPIPES
1848,Thangamayil Jewellery Ltd.,THANGAMAYL
1849,The Anup Engineering Ltd.,ANUP
1850,The Byke Hospitality Ltd.,BYKE
1851,The Fertilisers and Chemicals Travancore Ltd.,FACT
1852,The Grob Tea Company Ltd.,GROBTEA
1853,The Hi-Tech Gears Ltd.,HITECHGEAR
1854,The Indian Card Clothing Company Ltd.,INDIANCARD
1855,The Investment Trust of India Ltd.,THEINVEST
1856,The New India Assurance Company Ltd.,NIACL
1857,The Orissa Minerals Development Company Ltd.,ORISSAMINE
1858,The Peria Karamalai Tea & Produce Company Ltd.,PKTEA
1859,The Ramco Cements Ltd.,RAMCOCEM
1860,The United Nilgiri Tea Estates Company Ltd.,UNITEDTEA
1861,The Western India Plywood Ltd.,WIPL
1862,Thejo Engineering Ltd.,THEJO
1863,Themis Medicare Ltd.,THEMISMED
1864,Thermax Ltd.,THERMAX
1865,Thirumalai Chemicals Ltd.,TIRUMALCHM
1866,Thomas Cook (India) Ltd.,THOMASCOOK
1867,Thomas Scott (India) Ltd.,THOMASCOTT
1868,Thyrocare Technologies Ltd.,THYROCARE
1869,Tide Water Oil Company India Ltd.,TIDEWATER
1870,Tijaria Polypipes Ltd.,TIJARIA
1871,Tilaknagar Industries Ltd.,TI
1872,Time Technoplast Ltd.,TIMETECHNO
1873,Times Guaranty Ltd.,TIMESGTY
1874,Timken India Ltd.,TIMKEN
1875,Tinplate Company of India Ltd.,TINPLATE
1876,Tips Films Ltd.,TIPSFILMS
1877,Tips Industries Ltd.,TIPSINDLTD
1878,Tirupati Forge Ltd.,TIRUPATIFL
1879,Titagarh Rail Systems Ltd.,TITAGARH
1880,Titan Company Ltd.,TITAN
1881,Tokyo Plast International Ltd.,TOKYOPLAST
1882,Torrent Pharmaceuticals Ltd.,TORNTPHARM
1883,Torrent Power Ltd.,TORNTPOWER
1884,Total Transport Systems Ltd.,TOTAL
1885,Touchwood Entertainment Ltd.,TOUCHWOOD
1886,Tourism Finance Corporation of India Ltd.,TFCILTD
1887,Tracxn Technologies Ltd.,TRACXN
1888,Transformers & Rectifiers (India) Ltd.,TRIL
1889,Transport Corporation of India Ltd.,TCI
1890,Transwarranty Finance Ltd.,TFL
1891,Tree House Education & Accessories Ltd.,TREEHOUSE
1892,Trejhara Solutions Ltd.,TREJHARA
1893,Trent Ltd.,TRENT
1894,Tribhovandas Bhimji Zaveri Ltd.,TBZ
1895,Trident Ltd.,TRIDENT
1896,Trigyn Technologies Ltd.,TRIGYN
1897,Triveni Engineering & Industries Ltd.,TRIVENI
1898,Triveni Turbine Ltd.,TRITURBINE
1899,TruCap Finance Ltd.,TRU
1900,Tube Investments of India Ltd.,TIINDIA
1901,Twentyfirst Century Management Services Ltd.,21STCENMGM
1902,UCAL Ltd.,UCAL
1903,UCO Bank,UCOBANK
1904,UFO Moviez India Ltd.,UFO
1905,UNO Minda Ltd.,UNOMINDA
1906,UPL Ltd.,UPL
1907,UTI Asset Management Company Ltd.,UTIAMC
1908,Udaipur Cement Works Ltd.,UDAICEMENT
1909,Udayshivakumar Infra Ltd.,USK
1910,Uflex Ltd.,UFLEX
1911,Ugar Sugar Works Ltd.,UGARSUGAR
1912,Ugro Capital Ltd.,UGROCAP
1913,Ujaas Energy Ltd.,UJAAS
1914,Ujjivan Financial Services Ltd.,UJJIVAN
1915,Ujjivan Small Finance Bank Ltd.,UJJIVANSFB
1916,UltraTech Cement Ltd.,ULTRACEMCO
1917,Uma Exports Ltd.,UMAEXPORTS
1918,Umang Dairies Ltd.,UMANGDAIRY
1919,Unichem Laboratories Ltd.,UNICHEMLAB
1920,Uniinfo Telecom Services Ltd.,UNIINFO
1921,Union Bank of India,UNIONBANK
1922,Uniparts India Ltd.,UNIPARTS
1923,Uniphos Enterprises Ltd.,UNIENTER
1924,Unitech Ltd.,UNITECH
1925,United Breweries Ltd.,UBL
1926,United Drilling Tools Ltd.,UNIDT
1927,United Polyfab Gujarat Ltd.,UNITEDPOLY
1928,United Spirits Ltd.,MCDOWELL-N
1929,Univa Foods Ltd.,UNIVAFOODS
1930,Univastu India Ltd.,UNIVASTU
1931,Universal Cables Ltd.,UNIVCABLES
1932,Universus Photo Imagings Ltd.,UNIVPHOTO
1933,Updater Services Ltd.,UDS
1934,Uravi T & Wedge Lamps Ltd.,URAVI
1935,Urja Global Ltd.,URJA
1936,Usha Martin Education & Solutions Ltd.,UMESLTD
1937,Usha Martin Ltd.,USHAMART
1938,Utkarsh Small Finance Bank Ltd.,UTKARSHBNK
1939,Uttam Galva Steels Ltd.,UTTAMSTL
1940,Uttam Sugar Mills Ltd.,UTTAMSUGAR
1941,V-Guard Industries Ltd.,VGUARD
1942,V-Mart Retail Ltd.,VMART
1943,V2 Retail Ltd.,V2RETAIL
1944,VIP Clothing Ltd.,VIPCLOTHNG
1945,VIP Industries Ltd.,VIPIND
1946,VL E-Governance & IT Solutions Ltd.,VLEGOV
1947,VLS Finance Ltd.,VLSFINANCE
1948,VRL Logistics Ltd.,VRLLOG
1949,VST Industries Ltd.,VSTIND
1950,VST Tillers Tractors Ltd.,VSTTILLERS
1951,Va Tech Wabag Ltd.,WABAG
1952,Vadilal Industries Ltd.,VADILALIND
1953,Vaibhav Global Ltd.,VAIBHAVGBL
1954,Vaishali Pharma Ltd.,VAISHALI
1955,Vakrangee Ltd.,VAKRANGEE
1956,Valiant Laboratories Ltd.,VALIANTLAB
1957,Valiant Organics Ltd.,VALIANTORG
1958,Vardhman Acrylics Ltd.,VARDHACRLC
1959,Vardhman Holdings Ltd.,VHL
1960,Vardhman Polytex Ltd.,VARDMNPOLY
1961,Vardhman Special Steels Ltd.,VSSL
1962,Vardhman Textiles Ltd.,VTL
1963,Varroc Engineering Ltd.,VARROC
1964,Varun Beverages Ltd.,VBL
1965,Vascon Engineers Ltd.,VASCONEQ
1966,Vaswani Industries Ltd.,VASWANI
1967,Vaxtex Cotfab Ltd.,VCL
1968,Vedant Fashions Ltd.,MANYAVAR
1969,Vedanta Ltd.,VEDL
1970,Venky's (India) Ltd.,VENKEYS
1971,Venus Pipes & Tubes Ltd.,VENUSPIPES
1972,Venus Remedies Ltd.,VENUSREM
1973,Veranda Learning Solutions Ltd.,VERANDA
1974,Vertoz Advertising Ltd.,VERTOZ
1975,Vesuvius India Ltd.,VESUVIUS
1976,Veto Switchgears & Cables Ltd.,VETO
1977,Vibhor Steel Tubes Ltd.,VSTL
1978,Viceroy Hotels Ltd.,VICEROY
1979,Vidhi Specialty Food Ingredients Ltd.,VIDHIING
1980,Vijaya Diagnostic Centre Ltd.,VIJAYA
1981,Viji Finance Ltd.,VIJIFIN
1982,Vikas Ecotech Ltd.,VIKASECO
1983,Vikas Lifecare Ltd.,VIKASLIFE
1984,Vikas WSP Ltd.,VIKASWSP
1985,Vimta Labs Ltd.,VIMTALABS
1986,Vinati Organics Ltd.,VINATIORGA
1987,Vindhya Telelinks Ltd.,VINDHYATEL
1988,Vineet Laboratories Ltd.,VINEETLAB
1989,Vinny Overseas Ltd.,VINNY
1990,Vinyl Chemicals (I) Ltd.,VINYLINDIA
1991,Vipul Ltd.,VIPULLTD
1992,Virinchi Ltd.,VIRINCHI
1993,Visa Steel Ltd.,VISASTEEL
1994,Visagar Polytex Ltd.,VIVIDHA
1995,Visaka Industries Ltd.,VISAKAIND
1996,Vishal Fabrics Ltd.,VISHAL
1997,Vishnu Chemicals Ltd.,VISHNU
1998,Vishnu Prakash R Punglia Ltd.,VPRPL
1999,Vishwaraj Sugar Industries Ltd.,VISHWARAJ
2000,Vivimed Labs Ltd.,VIVIMEDLAB
2001,Vodafone Idea Ltd.,IDEA
2002,Voltamp Transformers Ltd.,VOLTAMP
2003,Voltas Ltd.,VOLTAS
2004,W S Industries (India) Ltd.,WSI
2005,Walchandnagar Industries Ltd.,WALCHANNAG
2006,Wanbury Ltd.,WANBURY
2007,Waterbase Ltd.,WATERBASE
2008,We Win Ltd.,WEWIN
2009,Wealth First Portfolio Managers Ltd.,WEALTH
2010,Websol Energy Systems Ltd.,WEBELSOLAR
2011,Weizmann Ltd.,WEIZMANIND
2012,Welspun Corp Ltd.,WELCORP
2013,Welspun Enterprises Ltd.,WELENT
2014,Welspun Investments & Commercials Ltd.,WELINV
2015,Welspun Living Ltd.,WELSPUNLIV
2016,Wendt (India) Ltd.,WENDT
2017,West Coast Paper Mills Ltd.,WSTCSTPAPR
2018,Westlife Foodworld Ltd.,WESTLIFE
2019,Wheels India Ltd.,WHEELS
2020,Whirlpool of India Ltd.,WHIRLPOOL
2021,Williamson Magor & Company Ltd.,WILLAMAGOR
2022,WinPro Industries Ltd.,WINPRO
2023,Windlas Biotech Ltd.,WINDLAS
2024,Windsor Machines Ltd.,WINDMACHIN
2025,Winsome Yarns Ltd.,WINSOME
2026,Wipro Ltd.,WIPRO
2027,Wockhardt Ltd.,WOCKPHARMA
2028,Wonder Electricals Ltd.,WEL
2029,Wonderla Holidays Ltd.,WONDERLA
2030,Worth Peripherals Ltd.,WORTH
2031,Xchanging Solutions Ltd.,XCHANGING
2032,Xelpmoc Design and Tech Ltd.,XELPMOC
2033,Xpro India Ltd.,XPROINDIA
2034,YES Bank Ltd.,YESBANK
2035,Yaari Digital Integrated Services Ltd,YAARI
2036,Yasho Industries Ltd.,YASHO
2037,Yatharth Hospital & Trauma Care Services Ltd.,YATHARTH
2038,Yatra Online Ltd.,YATRA
2039,Yuken India Ltd.,YUKEN
2040,ZF Commercial Vehicle Control Systems India Ltd.,ZFCVINDIA
2041,Zaggle Prepaid Ocean Services Ltd.,ZAGGLE
2042,Zee Entertainment Enterprises Ltd.,ZEEL
2043,Zee Learn Ltd.,ZEELEARN
2044,Zee Media Corporation Ltd.,ZEEMEDIA
2045,Zen Technologies Ltd.,ZENTEC
2046,Zenith Exports Ltd.,ZENITHEXPO
2047,Zenith Steel Pipes & Industries Ltd.,ZENITHSTL
2048,Zensar Technologies Ltd.,ZENSARTECH
2049,Zim Laboratories Ltd.,ZIMLAB
2050,Zodiac Clothing Company Ltd.,ZODIACLOTH
2051,Zodiac Energy Ltd.,ZODIAC
2052,Zodiac JRD MKJ Ltd.,ZODJRDMKJ
2053,Zomato Ltd.,ZOMATO
2054,Zota Healthcare Ltd.,ZOTA
2055,Zuari Agro Chemicals Ltd.,ZUARI
2056,Zuari Industries Ltd.,ZUARIIND
2057,Zydus Lifesciences Ltd.,ZYDUSLIFE
2058,Zydus Wellness Ltd.,ZYDUSWELL
2059,eClerx Services Ltd.,ECLERX
2060,eMudhra Ltd.,EMUDHRA
2061,ideaForge Technology Ltd.,IDEAFORGE